"Sector","Clasificación del puesto","Genero","No. de personal","Promedio de remuneración bruta","Promedio de salario base","Promedio de tiempo extraordinario","Promedio de otras prestaciones","Suma de remuneración bruta","Suma de salario base","Suma de tiempo extraordinario","Suma de otras prestaciones","Contrataciones","Promociones"
"AGENCIA DE GESTION URBANA DE LA CIUDAD DE MEXICO","Estabilidad Laboral","Femenino",0,0,0,0,0,0,0,0,0,0,0
"AUTORIDAD DEL ESPACIO PÚBLICO DEL D.F.","Estabilidad Laboral","Femenino",5,11036,8767,1330,939,55180,43835,6650,4695,0,0
"CAJA DE PREVISION DE LA POLICIA PREVENTIVA DEL D.F.","Estabilidad Laboral","Femenino",13,11431,9641,1036,754,148603,125333,13468,9802,0,0
"CAJA DE PREVISION P/TRABAJADORES A LISTA DE RAYA DEL GOB. D. F.","Estabilidad Laboral","Femenino",27,11005,8825,1200,980,297135,238275,32400,26460,2,0
"CONSEJERIA JURIDICA Y DE SERVICIOS LEGALES","Estabilidad Laboral","Femenino",170,9797,7239,1661,897,1665490,1230630,282370,152490,0,1
"CONTRALORIA GENERAL DEL D.F.","Estabilidad Laboral","Femenino",55,11051,8463,1420,1168,607805,465465,78100,64240,0,0
"COORDINACION GENERAL DE LA AUTORIDAD DEL CENTRO HISTORICO","Estabilidad Laboral","Femenino",12,9758,7535,1567,656,117096,90420,18804,7872,1,1
"DIRECCION GENERAL DE LA PLANTA DE ASFALTO","Estabilidad Laboral","Femenino",14,9136,6951,1262,923,127904,97314,17668,12922,1,5
"DIRECCION GENERAL DEL INSTITUTO TECNICO DE FORMACION POLICIAL","Estabilidad Laboral","Femenino",28,10197,8035,1564,598,285516,224980,43792,16744,0,1
"DIRECCION GENERAL DEL PROYECTO METRO","Estabilidad Laboral","Femenino",11,11978,10203,1221,554,131758,112233,13431,6094,1,0
"DIRECCIÓN GENERAL DEL SISTEMA DE RADIO Y TELEVISIÓN DIGITAL","Estabilidad Laboral","Femenino",16,11319,8527,1607,1185,181104,136432,25712,18960,4,3
"DIRECCION GRAL. DEL CENTRO DE ATENCION A EMERGENCIAS Y PROTECCION CIUDADANA DE LA CD. DE MEXICO","Estabilidad Laboral","Femenino",241,9364,6612,1768,984,2256724,1593492,426088,237144,0,1
"FIDEICOMISO EDUCACION GARANTIZADA DEL DISTRITO FEDERAL","Estabilidad Laboral","Femenino",52,11951,9365,1471,1115,621452,486980,76492,57980,1,2
"FIDEICOMISO MUSEO DE ARTE POPULAR MEXICANO","Estabilidad Laboral","Femenino",9,9858,7242,1589,1027,88722,65178,14301,9243,0,1
"FIDEICOMISO MUSEO ESTANQUILLO","Estabilidad Laboral","Femenino",1,10975,8963,1156,856,10975,8963,1156,856,2,2
"HEROICO CUERPO DE BOMBEROS DEL D. F.","Estabilidad Laboral","Femenino",16,10793,8487,1241,1065,172688,135792,19856,17040,2,1
"INSTITUTO DE LAS MUJERES DEL DISTRITO FEDERAL","Estabilidad Laboral","Femenino",32,10030,7402,1899,729,320960,236864,60768,23328,0,1
"INSTITUTO DEL DEPORTE DEL DISTRITO FEDERAL","Estabilidad Laboral","Femenino",55,10892,8130,1770,992,599060,447150,97350,54560,1,0
"INSTITUTO PARA LA ATENCION Y PREVENCION DE LAS ADICCIONES EN LA CD. DE MEX.","Estabilidad Laboral","Femenino",8,9652,7212,1776,664,77216,57696,14208,5312,1,1
"JEFATURA DE GOBIERNO DEL DISTRITO FEDERAL","Estabilidad Laboral","Femenino",10,11066,8691,1632,743,110660,86910,16320,7430,6,6
"OFICIALIA MAYOR","Estabilidad Laboral","Femenino",25,9389,6765,1931,693,234725,169125,48275,17325,1,3
"ALVARO OBREGON","Estabilidad Laboral","Femenino",660,10131,7028,1983,1120,6686460,4638480,1308780,739200,2,0
"AZCAPOTZALCO","Estabilidad Laboral","Femenino",386,10611,8189,1401,1021,4095846,3160954,540786,394106,1,1
"BENITO JUAREZ","Estabilidad Laboral","Femenino",150,9612,6781,1961,870,1441800,1017150,294150,130500,1,0
"COYOACAN","Estabilidad Laboral","Femenino",423,10732,8709,1516,507,4539636,3683907,641268,214461,0,0
"CUAJIMALPA DE MORELOS","Estabilidad Laboral","Femenino",150,10713,8156,1586,971,1606950,1223400,237900,145650,1,1
"CUAUHTEMOC","Estabilidad Laboral","Femenino",518,11097,8444,1923,730,5748246,4373992,996114,378140,1,3
"GUSTAVO A. MADERO","Estabilidad Laboral","Femenino",705,10348,8002,1214,1132,7295340,5641410,855870,798060,1,1
"IZTACALCO","Estabilidad Laboral","Femenino",295,9721,8009,1034,678,2867695,2362655,305030,200010,3,2
"IZTAPALAPA","Estabilidad Laboral","Femenino",871,10011,7613,1762,636,8719581,6630923,1534702,553956,1,4
"LA MAGDALENA CONTRERAS","Estabilidad Laboral","Femenino",243,11930,9196,1674,1060,2898990,2234628,406782,257580,1,12
"MIGUEL HIDALGO","Estabilidad Laboral","Femenino",315,11063,8467,1495,1101,3484845,2667105,470925,346815,2,5
"MILPA ALTA","Estabilidad Laboral","Femenino",403,9434,7734,1146,554,3801902,3116802,461838,223262,3,18
"TLAHUAC","Estabilidad Laboral","Femenino",314,11567,8886,1985,696,3632038,2790204,623290,218544,0,20
"TLALPAN","Estabilidad Laboral","Femenino",521,10838,8596,1419,823,5646598,4478516,739299,428783,0,14
"VENUSTIANO CARRANZA","Estabilidad Laboral","Femenino",658,9563,7339,1032,1192,6292454,4829062,679056,784336,16,23
"XOCHIMILCO","Estabilidad Laboral","Femenino",365,9257,6776,1326,1155,3378805,2473240,483990,421575,2,42
"PROCURADURIA GENERAL DE JUSTICIA DEL DISTRITO FEDERAL","Estabilidad Laboral","Femenino",83,11662,9173,1630,859,967946,761359,135290,71297,1,0
"SECRETARIA DE CIENCIA, TECNOLOGIA E INNOVACION","Estabilidad Laboral","Femenino",5,11452,9582,1109,761,57260,47910,5545,3805,0,0
"SECRETARIA DE CULTURA","Estabilidad Laboral","Femenino",138,10960,8544,1500,916,1512480,1179072,207000,126408,3,0
"SECRETARIA DE DESARROLLO ECONOMICO","Estabilidad Laboral","Femenino",4,11404,8656,1693,1055,45616,34624,6772,4220,3,0
"SECRETARIA DE DESARROLLO SOCIAL","Estabilidad Laboral","Femenino",666,9489,7048,1452,989,6319674,4693968,967032,658674,0,0
"SECRETARIA DE DESARROLLO URBANO Y VIVIENDA","Estabilidad Laboral","Femenino",65,10336,7530,1848,958,671840,489450,120120,62270,1,0
"SECRETARIA DE DESRROLLO RURAL Y EQUIDAD PARA LAS COMUNIDADES","Estabilidad Laboral","Femenino",19,11388,8558,1639,1191,216372,162602,31141,22629,3,0
"SECRETARIA DE EDUCACION","Estabilidad Laboral","Femenino",89,9284,6818,1400,1066,826276,606802,124600,94874,2,0
"SECRETARIA DE FINANZAS","Estabilidad Laboral","Femenino",27,9578,6955,1445,1178,258606,187785,39015,31806,1,3
"SECRETARIA DE GOBIERNO","Estabilidad Laboral","Femenino",511,10595,8083,1962,550,5414045,4130413,1002582,281050,0,2
"SECRETARIA DE MOVILIDAD","Estabilidad Laboral","Femenino",90,10002,7897,1461,644,900180,710730,131490,57960,1,1
"SECRETARIA DE OBRAS Y SERVICIOS","Estabilidad Laboral","Femenino",551,10583,8386,1081,1116,5831233,4620686,595631,614916,4,0
"SECRETARIA DE PROTECCION CIVIL","Estabilidad Laboral","Femenino",57,9136,6911,1222,1003,520752,393927,69654,57171,1,0
"SECRETARIA DE SALUD","Estabilidad Laboral","Femenino",4723,11040,8614,1406,1020,52141920,40683922,6640538,4817460,7,3
"SECRETARIA DE SEGURIDAD PUBLICA","Estabilidad Laboral","Femenino",25,10399,7985,1327,1087,259975,199625,33175,27175,0,0
"SECRETARIA DE TRABAJO Y FOMENTO AL EMPLEO","Estabilidad Laboral","Femenino",141,11112,9131,1058,923,1566792,1287471,149178,130143,2,2
"SECRETARIA DE TURISMO","Estabilidad Laboral","Femenino",1,9945,7704,1278,963,9945,7704,1278,963,1,1
"SECRETARIA DEL MEDIO AMBIENTE","Estabilidad Laboral","Femenino",291,11133,8361,1745,1027,3239703,2433051,507795,298857,0,0
"SECRETARIA EJECUTIVA DE MECANISMOS DE SEGUIMIENTO Y EVALUACION DEL PROGRAMA DE DERECHOS HUMANOS","Estabilidad Laboral","Femenino",2,9394,6647,1961,786,18788,13294,3922,1572,1,1
"SISTEMA DE AGUAS DE LA CIUDAD DE MEXICO","Estabilidad Laboral","Femenino",245,10273,7824,1751,698,2516885,1916880,428995,171010,2,2
"AGENCIA DE GESTION URBANA DE LA CIUDAD DE MEXICO","Estabilidad Laboral","Masculino",1,13311,10200,2374,737,13311,10200,2374,737,4,7
"AUTORIDAD DEL ESPACIO PÚBLICO DEL D.F.","Estabilidad Laboral","Masculino",9,13422,10291,1665,1466,120798,92619,14985,13194,3,0
"CAJA DE PREVISION DE LA POLICIA PREVENTIVA DEL D.F.","Estabilidad Laboral","Masculino",11,13959,10450,2437,1072,153549,114950,26807,11792,0,1
"CAJA DE PREVISION P/TRABAJADORES A LISTA DE RAYA DEL GOB. D. F.","Estabilidad Laboral","Masculino",18,12212,9029,2032,1151,219816,162522,36576,20718,0,2
"CONSEJERIA JURIDICA Y DE SERVICIOS LEGALES","Estabilidad Laboral","Masculino",120,11415,8131,2119,1165,1369800,975720,254280,139800,0,1
"CONTRALORIA GENERAL DEL D.F.","Estabilidad Laboral","Masculino",36,12810,9539,2306,965,461160,343404,83016,34740,5,1
"COORDINACION GENERAL DE LA AUTORIDAD DEL CENTRO HISTORICO","Estabilidad Laboral","Masculino",23,13826,11266,1801,759,317998,259118,41423,17457,3,1
"DIRECCION GENERAL DE LA PLANTA DE ASFALTO","Estabilidad Laboral","Masculino",35,13920,10513,2041,1366,487200,367955,71435,47810,0,5
"DIRECCION GENERAL DEL INSTITUTO TECNICO DE FORMACION POLICIAL","Estabilidad Laboral","Masculino",45,11277,8030,1761,1486,507465,361350,79245,66870,0,0
"DIRECCION GENERAL DEL PROYECTO METRO","Estabilidad Laboral","Masculino",7,10029,7336,1660,1033,70203,51352,11620,7231,3,1
"DIRECCIÓN GENERAL DEL SISTEMA DE RADIO Y TELEVISIÓN DIGITAL","Estabilidad Laboral","Masculino",26,12858,9448,1983,1427,334308,245648,51558,37102,0,3
"DIRECCION GRAL. DEL CENTRO DE ATENCION A EMERGENCIAS Y PROTECCION CIUDADANA DE LA CD. DE MEXICO","Estabilidad Laboral","Masculino",148,12690,9241,2219,1230,1878120,1367668,328412,182040,2,11
"FIDEICOMISO EDUCACION GARANTIZADA DEL DISTRITO FEDERAL","Estabilidad Laboral","Masculino",35,10694,7493,1710,1491,374290,262255,59850,52185,0,11
"FIDEICOMISO MUSEO DE ARTE POPULAR MEXICANO","Estabilidad Laboral","Masculino",21,12286,9062,2481,743,258006,190302,52101,15603,0,7
"FIDEICOMISO MUSEO ESTANQUILLO","Estabilidad Laboral","Masculino",2,10043,6773,1822,1448,20086,13546,3644,2896,1,13
"HEROICO CUERPO DE BOMBEROS DEL D. F.","Estabilidad Laboral","Masculino",24,10654,7017,2472,1165,255696,168408,59328,27960,1,12
"INSTITUTO DE LAS MUJERES DEL DISTRITO FEDERAL","Estabilidad Laboral","Masculino",12,10134,6548,2208,1378,121608,78576,26496,16536,0,24
"INSTITUTO DEL DEPORTE DEL DISTRITO FEDERAL","Estabilidad Laboral","Masculino",59,10107,6612,2419,1076,596313,390108,142721,63484,1,24
"INSTITUTO PARA LA ATENCION Y PREVENCION DE LAS ADICCIONES EN LA CD. DE MEX.","Estabilidad Laboral","Masculino",14,10159,7160,1732,1267,142226,100240,24248,17738,5,15
"JEFATURA DE GOBIERNO DEL DISTRITO FEDERAL","Estabilidad Laboral","Masculino",7,13386,10430,2007,949,93702,73010,14049,6643,4,52
"OFICIALIA MAYOR","Estabilidad Laboral","Masculino",17,11452,8358,1957,1137,194684,142086,33269,19329,0,0
"ALVARO OBREGON","Estabilidad Laboral","Masculino",841,13928,10355,2374,1199,11713448,8708555,1996534,1008359,0,0
"AZCAPOTZALCO","Estabilidad Laboral","Masculino",444,13944,11055,1747,1142,6191136,4908420,775668,507048,0,0
"BENITO JUAREZ","Estabilidad Laboral","Masculino",319,11640,8593,2007,1040,3713160,2741167,640233,331760,0,0
"COYOACAN","Estabilidad Laboral","Masculino",435,11161,8778,1674,709,4855035,3818430,728190,308415,2,0
"CUAJIMALPA DE MORELOS","Estabilidad Laboral","Masculino",228,11795,8242,2090,1463,2689260,1879176,476520,333564,1,0
"CUAUHTEMOC","Estabilidad Laboral","Masculino",571,12806,9768,1676,1362,7312226,5577528,956996,777702,1,0
"GUSTAVO A. MADERO","Estabilidad Laboral","Masculino",614,10338,7097,2394,847,6347532,4357558,1469916,520058,1,0
"IZTACALCO","Estabilidad Laboral","Masculino",316,13605,10566,1591,1448,4299180,3338856,502756,457568,0,0
"IZTAPALAPA","Estabilidad Laboral","Masculino",967,13451,9528,2480,1443,13007117,9213576,2398160,1395381,1,0
"LA MAGDALENA CONTRERAS","Estabilidad Laboral","Masculino",369,11582,7890,2242,1450,4273758,2911410,827298,535050,9,2
"MIGUEL HIDALGO","Estabilidad Laboral","Masculino",633,13290,9839,2310,1141,8412570,6228087,1462230,722253,29,0
"MILPA ALTA","Estabilidad Laboral","Masculino",532,13707,10974,1794,939,7292124,5838168,954408,499548,1,0
"TLAHUAC","Estabilidad Laboral","Masculino",305,13514,10404,1620,1490,4121770,3173220,494100,454450,1,0
"TLALPAN","Estabilidad Laboral","Masculino",628,12690,9460,2121,1109,7969320,5940880,1331988,696452,0,0
"VENUSTIANO CARRANZA","Estabilidad Laboral","Masculino",665,10034,7458,1833,743,6672610,4959570,1218945,494095,0,0
"XOCHIMILCO","Estabilidad Laboral","Masculino",498,13043,9730,1936,1377,6495414,4845540,964128,685746,3,1
"PROCURADURIA GENERAL DE JUSTICIA DEL DISTRITO FEDERAL","Estabilidad Laboral","Masculino",55,12934,10045,2069,820,711370,552475,113795,45100,2,0
"SECRETARIA DE CIENCIA, TECNOLOGIA E INNOVACION","Estabilidad Laboral","Masculino",9,11891,8415,2323,1153,107019,75735,20907,10377,1,0
"SECRETARIA DE CULTURA","Estabilidad Laboral","Masculino",135,11676,8681,1744,1251,1576260,1171935,235440,168885,1,0
"SECRETARIA DE DESARROLLO ECONOMICO","Estabilidad Laboral","Masculino",0,0,0,0,0,0,0,0,0,3,0
"SECRETARIA DE DESARROLLO SOCIAL","Estabilidad Laboral","Masculino",394,11866,8659,2323,884,4675204,3411646,915262,348296,0,0
"SECRETARIA DE DESARROLLO URBANO Y VIVIENDA","Estabilidad Laboral","Masculino",55,11306,7949,2462,895,621830,437195,135410,49225,1,0
"SECRETARIA DE DESRROLLO RURAL Y EQUIDAD PARA LAS COMUNIDADES","Estabilidad Laboral","Masculino",16,10634,7352,2276,1006,170144,117632,36416,16096,0,3
"SECRETARIA DE EDUCACION","Estabilidad Laboral","Masculino",102,11093,7935,2156,1002,1131486,809370,219912,102204,1,11
"SECRETARIA DE FINANZAS","Estabilidad Laboral","Masculino",22,10231,7604,1698,929,225082,167288,37356,20438,2,11
"SECRETARIA DE GOBIERNO","Estabilidad Laboral","Masculino",434,12436,9169,2211,1056,5397224,3979346,959574,458304,2,7
"SECRETARIA DE MOVILIDAD","Estabilidad Laboral","Masculino",77,12094,9065,2150,879,931238,698005,165550,67683,1,13
"SECRETARIA DE OBRAS Y SERVICIOS","Estabilidad Laboral","Masculino",788,11569,8442,1664,1463,9116372,6652296,1311232,1152844,2,12
"SECRETARIA DE PROTECCION CIVIL","Estabilidad Laboral","Masculino",102,11087,7686,2403,998,1130874,783972,245106,101796,0,24
"SECRETARIA DE SALUD","Estabilidad Laboral","Masculino",3380,11153,8027,1664,1462,37697140,27131260,5624320,4941560,1,24
"SECRETARIA DE SEGURIDAD PUBLICA","Estabilidad Laboral","Masculino",16,10938,7624,1861,1453,175008,121984,29776,23248,0,15
"SECRETARIA DE TRABAJO Y FOMENTO AL EMPLEO","Estabilidad Laboral","Masculino",84,12638,8999,2372,1267,1061592,755916,199248,106428,1,52
"SECRETARIA DE TURISMO","Estabilidad Laboral","Masculino",0,0,0,0,0,0,0,0,0,3,9
"SECRETARIA DEL MEDIO AMBIENTE","Estabilidad Laboral","Masculino",389,13327,9773,2160,1394,5184203,3801697,840240,542266,1,26
"SECRETARIA EJECUTIVA DE MECANISMOS DE SEGUIMIENTO Y EVALUACION DEL PROGRAMA DE DERECHOS HUMANOS","Estabilidad Laboral","Masculino",1,12045,9497,1670,878,12045,9497,1670,878,0,13
"SISTEMA DE AGUAS DE LA CIUDAD DE MEXICO","Estabilidad Laboral","Masculino",941,11542,8207,2108,1227,10861022,7722787,1983628,1154607,7,9
"DIRECCION GENERAL DEL INSTITUTO TECNICO DE FORMACION POLICIAL","Haberes","Femenino",75,11315,8343,2261,711,848625,625725,169575,53325,0,5
"HEROICO CUERPO DE BOMBEROS DEL D. F.","Haberes","Femenino",28,10823,7379,2249,1195,303044,206612,62972,33460,0,36
"SECRETARIA DE SEGURIDAD PUBLICA","Haberes","Femenino",8663,10066,6634,2285,1147,87201758,57470342,19794955,9936461,2,24
"DIRECCION GENERAL DEL INSTITUTO TECNICO DE FORMACION POLICIAL","Haberes","Masculino",106,13671,10897,1519,1255,1449126,1155082,161014,133030,1,13
"HEROICO CUERPO DE BOMBEROS DEL D. F.","Haberes","Masculino",134,12776,9373,2348,1055,1711984,1255982,314632,141370,8,10
"SECRETARIA DE SEGURIDAD PUBLICA","Haberes","Masculino",30214,12989,9351,2468,1170,392449646,282531114,74568152,35350380,7,5
"AGENCIA DE GESTION URBANA DE LA CIUDAD DE MEXICO","Mando Medio","Femenino",11,24342,21243,0,3099,267762,233673,0,34089,1,1
"AUTORIDAD DEL ESPACIO PÚBLICO DEL D.F.","Mando Medio","Femenino",13,23736,20239,0,3497,308568,263107,0,45461,2,0
"CAJA DE PREVISION DE LA POLICIA AUXILIAR DEL D. F.","Mando Medio","Femenino",19,25845,22593,0,3252,491055,429267,0,61788,2,1
"CONSEJERIA JURIDICA Y DE SERVICIOS LEGALES","Mando Medio","Femenino",29,25157,20931,0,4226,729553,606999,0,122554,4,0
"CONTRALORIA GENERAL DEL D.F.","Mando Medio","Femenino",203,25084,20884,0,4200,5092052,4239452,0,852600,1,0
"COORD. GRAL. DE LA AUT. DE LA ZONA PATRIMONIAL, MUNDIAL NAT. Y CULTURAL DE LA HUMANIDAD EN XOCHIMILCO, TLAHUAC Y MILPA ALTA","Mando Medio","Femenino",12,25583,22252,0,3331,306996,267024,0,39972,1,0
"COORDINACION DE LOS CENTROS DE TRANSFERENCIA MODAL DEL D.F","Mando Medio","Femenino",14,25583,21535,0,4048,358162,301490,0,56672,1,0
"COORDINACION GENERAL DE LA AUTORIDAD DEL CENTRO HISTORICO","Mando Medio","Femenino",7,23529,20214,0,3315,164703,141498,0,23205,0,0
"COORDINACION GENERAL DEL INSTITUTO DE FORMACION PROFESIONAL","Mando Medio","Femenino",9,25726,21292,0,4434,231534,191628,0,39906,1,1
"DIRECCION GENERAL DE LA PLANTA DE ASFALTO","Mando Medio","Femenino",1,24454,20510,0,3944,24454,20510,0,3944,1,0
"DIRECCION GENERAL DEL INSTITUTO TECNICO DE FORMACION POLICIAL","Mando Medio","Femenino",11,25396,21299,0,4097,279356,234289,0,45067,1,0
"DIRECCION GENERAL DEL PROYECTO METRO","Mando Medio","Femenino",8,23842,19671,0,4171,190736,157368,0,33368,1,0
"DIRECCIÓN GENERAL DEL SISTEMA DE RADIO Y TELEVISIÓN DIGITAL","Mando Medio","Femenino",1,23080,18599,0,4481,23080,18599,0,4481,0,1
"DIRECCION GRAL. DEL CENTRO DE ATENCION A EMERGENCIAS Y PROTECCION CIUDADANA DE LA CD. DE MEXICO","Mando Medio","Femenino",52,24762,20705,0,4057,1287624,1076660,0,210964,1,0
"FIDEICOMISO EDUCACION GARANTIZADA DEL DISTRITO FEDERAL","Mando Medio","Femenino",2,25838,22116,0,3722,51676,44232,0,7444,4,1
"FIDEICOMISO MUSEO ESTANQUILLO","Mando Medio","Femenino",0,0,0,0,0,0,0,0,0,1,3
"HEROICO CUERPO DE BOMBEROS DEL D. F.","Mando Medio","Femenino",6,23748,19732,0,4016,142488,118392,0,24096,0,0
"INSTITUTO PARA LA ATENCION Y PREVENCION DE LAS ADICCIONES EN LA CD. DE MEX.","Mando Medio","Femenino",46,25390,21755,0,3635,1167940,1000730,0,167210,1,0
"JEFATURA DE GOBIERNO DEL DISTRITO FEDERAL","Mando Medio","Femenino",59,23439,19455,0,3984,1382901,1147845,0,235056,1,0
"OFICIALIA MAYOR","Mando Medio","Femenino",323,24466,20063,0,4403,7902518,6480349,0,1422169,0,0
"ALVARO OBREGON","Mando Medio","Femenino",47,23943,20544,0,3399,1125321,965568,0,159753,3,1
"AZCAPOTZALCO","Mando Medio","Femenino",61,25749,22232,0,3517,1570689,1356152,0,214537,0,2
"BENITO JUAREZ","Mando Medio","Femenino",39,24972,21044,0,3928,973908,820716,0,153192,1,0
"COYOACAN","Mando Medio","Femenino",56,23143,18960,0,4183,1296008,1061760,0,234248,3,0
"CUAJIMALPA DE MORELOS","Mando Medio","Femenino",39,24449,21361,0,3088,953511,833079,0,120432,0,0
"CUAUHTEMOC","Mando Medio","Femenino",121,24725,20979,0,3746,2991725,2538459,0,453266,1,0
"GUSTAVO A. MADERO","Mando Medio","Femenino",93,23338,18946,0,4392,2170434,1761978,0,408456,0,0
"IZTACALCO","Mando Medio","Femenino",52,23707,20514,0,3193,1232764,1066728,0,166036,2,0
"IZTAPALAPA","Mando Medio","Femenino",63,24628,21400,0,3228,1551564,1348200,0,203364,2,0
"LA MAGDALENA CONTRERAS","Mando Medio","Femenino",44,24543,21444,0,3099,1079892,943536,0,136356,0,0
"MIGUEL HIDALGO","Mando Medio","Femenino",100,23476,20149,0,3327,2347600,2014900,0,332700,1,0
"MILPA ALTA","Mando Medio","Femenino",26,25951,21660,0,4291,674726,563160,0,111566,1,0
"TLAHUAC","Mando Medio","Femenino",67,25351,21367,0,3984,1698517,1431589,0,266928,0,1
"TLALPAN","Mando Medio","Femenino",71,23250,18911,0,4339,1650750,1342681,0,308069,2,0
"VENUSTIANO CARRANZA","Mando Medio","Femenino",102,24797,20780,0,4017,2529294,2119560,0,409734,1,0
"XOCHIMILCO","Mando Medio","Femenino",34,23850,20022,0,3828,810900,680748,0,130152,1,0
"PROCURADURIA GENERAL DE JUSTICIA DEL DISTRITO FEDERAL","Mando Medio","Femenino",323,23305,19250,0,4055,7527515,6217750,0,1309765,0,0
"SECRETARIA DE CIENCIA, TECNOLOGIA E INNOVACION","Mando Medio","Femenino",18,23032,19734,0,3298,414576,355212,0,59364,4,2
"SECRETARIA DE CULTURA","Mando Medio","Femenino",27,24247,20767,0,3480,654669,560709,0,93960,1,1
"SECRETARIA DE DESARROLLO ECONOMICO","Mando Medio","Femenino",52,23471,20126,0,3345,1220492,1046552,0,173940,1,0
"SECRETARIA DE DESARROLLO SOCIAL","Mando Medio","Femenino",123,23329,19316,0,4013,2869467,2375868,0,493599,1,1
"SECRETARIA DE DESARROLLO URBANO Y VIVIENDA","Mando Medio","Femenino",43,25549,21406,0,4143,1098607,920458,0,178149,3,1
"SECRETARIA DE DESRROLLO RURAL Y EQUIDAD PARA LAS COMUNIDADES","Mando Medio","Femenino",20,24562,20776,0,3786,491240,415520,0,75720,2,0
"SECRETARIA DE EDUCACION","Mando Medio","Femenino",10,25924,22731,0,3193,259240,227310,0,31930,1,2
"SECRETARIA DE FINANZAS","Mando Medio","Femenino",215,23401,20248,0,3153,5031215,4353320,0,677895,0,0
"SECRETARIA DE GOBIERNO","Mando Medio","Femenino",144,25162,21457,0,3705,3623328,3089808,0,533520,3,0
"SECRETARIA DE MOVILIDAD","Mando Medio","Femenino",52,24568,21463,0,3105,1277536,1116076,0,161460,1,0
"SECRETARIA DE OBRAS Y SERVICIOS","Mando Medio","Femenino",52,24846,21509,0,3337,1291992,1118468,0,173524,0,2
"SECRETARIA DE PROTECCION CIVIL","Mando Medio","Femenino",1,25985,21681,0,4304,25985,21681,0,4304,3,1
"SECRETARIA DE SALUD","Mando Medio","Femenino",24,25300,21943,0,3357,607200,526632,0,80568,3,1
"SECRETARIA DE SEGURIDAD PUBLICA","Mando Medio","Femenino",257,25083,20829,0,4254,6446331,5353053,0,1093278,2,1
"SECRETARIA DE TRABAJO Y FOMENTO AL EMPLEO","Mando Medio","Femenino",21,24437,21234,0,3203,513177,445914,0,67263,4,0
"SECRETARIA DE TURISMO","Mando Medio","Femenino",22,24331,20831,0,3500,535282,458282,0,77000,1,2
"SECRETARIA DEL MEDIO AMBIENTE","Mando Medio","Femenino",43,24212,20330,0,3882,1041116,874190,0,166926,3,1
"SECRETARIA EJECUTIVA DE MECANISMOS DE SEGUIMIENTO Y EVALUACION DEL PROGRAMA DE DERECHOS HUMANOS","Mando Medio","Femenino",2,23917,20247,0,3670,47834,40494,0,7340,4,0
"SISTEMA DE AGUAS DE LA CIUDAD DE MEXICO","Mando Medio","Femenino",28,23886,19395,0,4491,668808,543060,0,125748,2,3
"AGENCIA DE GESTION URBANA DE LA CIUDAD DE MEXICO","Mando Medio","Masculino",22,25532,20937,0,4595,561704,460614,0,101090,0,1
"AUTORIDAD DEL ESPACIO PÚBLICO DEL D.F.","Mando Medio","Masculino",13,27015,22610,0,4405,351195,293930,0,57265,6,0
"CAJA DE PREVISION DE LA POLICIA AUXILIAR DEL D. F.","Mando Medio","Masculino",25,26463,22441,0,4022,661575,561025,0,100550,0,3
"CONSEJERIA JURIDICA Y DE SERVICIOS LEGALES","Mando Medio","Masculino",53,25554,20881,0,4673,1354362,1106693,0,247669,1,3
"CONTRALORIA GENERAL DEL D.F.","Mando Medio","Masculino",206,25102,20776,0,4326,5171012,4279856,0,891156,4,2
"COORD. GRAL. DE LA AUT. DE LA ZONA PATRIMONIAL, MUNDIAL NAT. Y CULTURAL DE LA HUMANIDAD EN XOCHIMILCO, TLAHUAC Y MILPA ALTA","Mando Medio","Masculino",7,25968,21277,0,4691,181776,148939,0,32837,0,4
"COORDINACION DE LOS CENTROS DE TRANSFERENCIA MODAL DEL D.F","Mando Medio","Masculino",21,27782,23426,0,4356,583422,491946,0,91476,2,1
"COORDINACION GENERAL DE LA AUTORIDAD DEL CENTRO HISTORICO","Mando Medio","Masculino",10,29764,25527,0,4237,297640,255270,0,42370,1,0
"COORDINACION GENERAL DEL INSTITUTO DE FORMACION PROFESIONAL","Mando Medio","Masculino",10,28665,23674,0,4991,286650,236740,0,49910,1,3
"DIRECCION GENERAL DE LA PLANTA DE ASFALTO","Mando Medio","Masculino",7,25024,20088,0,4936,175168,140616,0,34552,0,0
"DIRECCION GENERAL DEL INSTITUTO TECNICO DE FORMACION POLICIAL","Mando Medio","Masculino",18,25552,21307,0,4245,459936,383526,0,76410,1,1
"DIRECCION GENERAL DEL PROYECTO METRO","Mando Medio","Masculino",10,28361,23642,0,4719,283610,236420,0,47190,2,1
"DIRECCIÓN GENERAL DEL SISTEMA DE RADIO Y TELEVISIÓN DIGITAL","Mando Medio","Masculino",0,0,0,0,0,0,0,0,0,1,0
"DIRECCION GRAL. DEL CENTRO DE ATENCION A EMERGENCIAS Y PROTECCION CIUDADANA DE LA CD. DE MEXICO","Mando Medio","Masculino",102,27037,21915,0,5122,2757774,2235330,0,522444,2,2
"FIDEICOMISO EDUCACION GARANTIZADA DEL DISTRITO FEDERAL","Mando Medio","Masculino",6,29497,25146,0,4351,176982,150876,0,26106,0,1
"FIDEICOMISO MUSEO ESTANQUILLO","Mando Medio","Masculino",1,28337,23646,0,4691,28337,23646,0,4691,8,0
"HEROICO CUERPO DE BOMBEROS DEL D. F.","Mando Medio","Masculino",50,27107,22661,0,4446,1355350,1133050,0,222300,1,0
"INSTITUTO PARA LA ATENCION Y PREVENCION DE LAS ADICCIONES EN LA CD. DE MEX.","Mando Medio","Masculino",54,26433,21395,0,5038,1427382,1155330,0,272052,4,2
"JEFATURA DE GOBIERNO DEL DISTRITO FEDERAL","Mando Medio","Masculino",58,29794,24858,0,4936,1728052,1441764,0,286288,3,0
"OFICIALIA MAYOR","Mando Medio","Masculino",526,28244,23641,0,4603,14856344,12435166,0,2421178,1,0
"ALVARO OBREGON","Mando Medio","Masculino",95,29140,24081,0,5059,2768300,2287695,0,480605,3,3
"AZCAPOTZALCO","Mando Medio","Masculino",81,27524,22403,0,5121,2229444,1814643,0,414801,5,1
"BENITO JUAREZ","Mando Medio","Masculino",74,27473,22701,0,4772,2033002,1679874,0,353128,1,5
"COYOACAN","Mando Medio","Masculino",73,27575,22427,0,5148,2012975,1637171,0,375804,0,0
"CUAJIMALPA DE MORELOS","Mando Medio","Masculino",84,28312,22845,0,5467,2378208,1918980,0,459228,2,1
"CUAUHTEMOC","Mando Medio","Masculino",197,25233,20997,0,4236,4970901,4136409,0,834492,1,3
"GUSTAVO A. MADERO","Mando Medio","Masculino",175,28873,24844,0,4029,5052775,4347700,0,705075,0,11
"IZTACALCO","Mando Medio","Masculino",100,29519,24156,0,5363,2951900,2415600,0,536300,4,11
"IZTAPALAPA","Mando Medio","Masculino",127,29980,25494,0,4486,3807460,3237738,0,569722,1,7
"LA MAGDALENA CONTRERAS","Mando Medio","Masculino",81,25161,20981,0,4180,2038041,1699461,0,338580,3,3
"MIGUEL HIDALGO","Mando Medio","Masculino",214,28020,22987,0,5033,5996280,4919218,0,1077062,1,4
"MILPA ALTA","Mando Medio","Masculino",84,25950,21549,0,4401,2179800,1810116,0,369684,1,5
"TLAHUAC","Mando Medio","Masculino",92,28454,23056,0,5398,2617768,2121152,0,496616,2,1
"TLALPAN","Mando Medio","Masculino",130,25964,21276,0,4688,3375320,2765880,0,609440,7,6
"VENUSTIANO CARRANZA","Mando Medio","Masculino",117,26466,22459,0,4007,3096522,2627703,0,468819,5,2
"XOCHIMILCO","Mando Medio","Masculino",98,28220,23983,0,4237,2765560,2350334,0,415226,1,5
"PROCURADURIA GENERAL DE JUSTICIA DEL DISTRITO FEDERAL","Mando Medio","Masculino",502,25362,19937,0,5425,12731724,10008374,0,2723350,4,3
"SECRETARIA DE CIENCIA, TECNOLOGIA E INNOVACION","Mando Medio","Masculino",17,29451,24416,0,5035,500667,415072,0,85595,8,5
"SECRETARIA DE CULTURA","Mando Medio","Masculino",31,28542,23367,0,5175,884802,724377,0,160425,3,2
"SECRETARIA DE DESARROLLO ECONOMICO","Mando Medio","Masculino",79,27496,23303,0,4193,2172184,1840937,0,331247,0,3
"SECRETARIA DE DESARROLLO SOCIAL","Mando Medio","Masculino",94,28295,24203,0,4092,2659730,2275082,0,384648,1,1
"SECRETARIA DE DESARROLLO URBANO Y VIVIENDA","Mando Medio","Masculino",41,26402,21131,0,5271,1082482,866371,0,216111,5,1
"SECRETARIA DE DESRROLLO RURAL Y EQUIDAD PARA LAS COMUNIDADES","Mando Medio","Masculino",16,25446,20080,0,5366,407136,321280,0,85856,0,0
"SECRETARIA DE EDUCACION","Mando Medio","Masculino",7,25865,20607,0,5258,181055,144249,0,36806,1,0
"SECRETARIA DE FINANZAS","Mando Medio","Masculino",245,26181,21529,0,4652,6414345,5274605,0,1139740,4,0
"SECRETARIA DE GOBIERNO","Mando Medio","Masculino",256,29288,24830,0,4458,7497728,6356480,0,1141248,3,1
"SECRETARIA DE MOVILIDAD","Mando Medio","Masculino",81,28043,23675,0,4368,2271483,1917675,0,353808,3,1
"SECRETARIA DE OBRAS Y SERVICIOS","Mando Medio","Masculino",190,29530,24827,0,4703,5610700,4717130,0,893570,2,0
"SECRETARIA DE PROTECCION CIVIL","Mando Medio","Masculino",8,26103,20888,0,5215,208824,167104,0,41720,0,0
"SECRETARIA DE SALUD","Mando Medio","Masculino",45,29693,24294,0,5399,1336185,1093230,0,242955,5,0
"SECRETARIA DE SEGURIDAD PUBLICA","Mando Medio","Masculino",667,26304,21536,0,4768,17544768,14364512,0,3180256,1,0
"SECRETARIA DE TRABAJO Y FOMENTO AL EMPLEO","Mando Medio","Masculino",20,29755,24663,0,5092,595100,493260,0,101840,5,0
"SECRETARIA DE TURISMO","Mando Medio","Masculino",21,28945,24733,0,4212,607845,519393,0,88452,2,0
"SECRETARIA DEL MEDIO AMBIENTE","Mando Medio","Masculino",72,28866,24397,0,4469,2078352,1756584,0,321768,6,1
"SECRETARIA EJECUTIVA DE MECANISMOS DE SEGUIMIENTO Y EVALUACION DEL PROGRAMA DE DERECHOS HUMANOS","Mando Medio","Masculino",2,26511,21228,0,5283,53022,42456,0,10566,3,1
"SISTEMA DE AGUAS DE LA CIUDAD DE MEXICO","Mando Medio","Masculino",126,25511,21083,0,4428,3214386,2656458,0,557928,3,1
"AGENCIA DE GESTION URBANA DE LA CIUDAD DE MEXICO","Mando Superior","Femenino",5,64504,59112,0,5392,322520,295560,0,26960,0,0
"AUTORIDAD DEL ESPACIO PÚBLICO DEL D.F.","Mando Superior","Femenino",6,60923,55757,0,5166,365538,334542,0,30996,0,1
"CAJA DE PREVISION DE LA POLICIA AUXILIAR DEL D. F.","Mando Superior","Femenino",2,63733,58590,0,5143,127466,117180,0,10286,0,2
"CONSEJERIA JURIDICA Y DE SERVICIOS LEGALES","Mando Superior","Femenino",5,59848,53191,0,6657,299240,265955,0,33285,0,1
"CONTRALORIA GENERAL DEL D.F.","Mando Superior","Femenino",26,58350,51633,0,6717,1517100,1342458,0,174642,0,1
"COORD. GRAL. DE LA AUT. DE LA ZONA PATRIMONIAL, MUNDIAL NAT. Y CULTURAL DE LA HUMANIDAD EN XOCHIMILCO, TLAHUAC Y MILPA ALTA","Mando Superior","Femenino",2,64445,56651,0,7794,128890,113302,0,15588,0,1
"COORDINACION DE LOS CENTROS DE TRANSFERENCIA MODAL DEL D.F","Mando Superior","Femenino",1,63061,55198,0,7863,63061,55198,0,7863,1,3
"COORDINACION GENERAL DE LA AUTORIDAD DEL CENTRO HISTORICO","Mando Superior","Femenino",3,62201,55642,0,6559,186603,166926,0,19677,0,0
"COORDINACION GENERAL DEL INSTITUTO DE FORMACION PROFESIONAL","Mando Superior","Femenino",3,65232,57786,0,7446,195696,173358,0,22338,0,0
"DIR. GRAL. DE LA AGENCIA DE PROTECC. SANITARIA DEL GDF","Mando Superior","Femenino",1,64329,56521,0,7808,64329,56521,0,7808,0,0
"DIR. GRAL. DEL REGIMEN DE PROTECCION SOCIAL EN SALUD DEL D.F.","Mando Superior","Femenino",0,0,0,0,0,0,0,0,0,0,1
"DIRECCION GENERAL DE LA PLANTA DE ASFALTO","Mando Superior","Femenino",0,0,0,0,0,0,0,0,0,0,1
"DIRECCION GENERAL DEL INSTITUTO TECNICO DE FORMACION POLICIAL","Mando Superior","Femenino",2,63949,57478,0,6471,127898,114956,0,12942,0,0
"DIRECCION GENERAL DEL PROYECTO METRO","Mando Superior","Femenino",1,61162,55557,0,5605,61162,55557,0,5605,0,2
"DIRECCIÓN GENERAL DEL SISTEMA DE RADIO Y TELEVISIÓN DIGITAL","Mando Superior","Femenino",2,63179,57726,0,5453,126358,115452,0,10906,0,1
"DIRECCION GRAL. DEL CENTRO DE ATENCION A EMERGENCIAS Y PROTECCION CIUDADANA DE LA CD. DE MEXICO","Mando Superior","Femenino",4,63474,57961,0,5513,253896,231844,0,22052,0,0
"FIDEICOMISO EDUCACION GARANTIZADA DEL DISTRITO FEDERAL","Mando Superior","Femenino",5,62327,57287,0,5040,311635,286435,0,25200,0,0
"FIDEICOMISO MUSEO DE ARTE POPULAR MEXICANO","Mando Superior","Femenino",0,0,0,0,0,0,0,0,0,2,2
"FIDEICOMISO MUSEO ESTANQUILLO","Mando Superior","Femenino",0,0,0,0,0,0,0,0,0,0,0
"HEROICO CUERPO DE BOMBEROS DEL D. F.","Mando Superior","Femenino",0,0,0,0,0,0,0,0,0,0,0
"INSTITUTO PARA LA ATENCION Y PREVENCION DE LAS ADICCIONES EN LA CD. DE MEX.","Mando Superior","Femenino",6,64000,56092,0,7908,384000,336552,0,47448,2,3
"JEFATURA DE GOBIERNO DEL DISTRITO FEDERAL","Mando Superior","Femenino",16,61530,54152,0,7378,984480,866432,0,118048,1,2
"OFICIALIA MAYOR","Mando Superior","Femenino",34,60675,55531,0,5144,2062950,1888054,0,174896,0,0
"ALVARO OBREGON","Mando Superior","Femenino",3,59234,52102,0,7132,177702,156306,0,21396,0,1
"AZCAPOTZALCO","Mando Superior","Femenino",14,59838,54101,0,5737,837732,757414,0,80318,0,0
"BENITO JUAREZ","Mando Superior","Femenino",6,64607,57838,0,6769,387642,347028,0,40614,0,0
"COYOACAN","Mando Superior","Femenino",4,62735,55779,0,6956,250940,223116,0,27824,0,0
"CUAJIMALPA DE MORELOS","Mando Superior","Femenino",4,60785,55143,0,5642,243140,220572,0,22568,0,1
"CUAUHTEMOC","Mando Superior","Femenino",14,60925,54873,0,6052,852950,768222,0,84728,0,0
"GUSTAVO A. MADERO","Mando Superior","Femenino",14,62276,57108,0,5168,871864,799512,0,72352,0,1
"IZTACALCO","Mando Superior","Femenino",8,59346,52144,0,7202,474768,417152,0,57616,0,0
"IZTAPALAPA","Mando Superior","Femenino",23,61227,53754,0,7473,1408221,1236342,0,171879,0,0
"LA MAGDALENA CONTRERAS","Mando Superior","Femenino",5,62330,56663,0,5667,311650,283315,0,28335,0,0
"MIGUEL HIDALGO","Mando Superior","Femenino",9,60688,52972,0,7716,546192,476748,0,69444,0,0
"MILPA ALTA","Mando Superior","Femenino",5,65028,57048,0,7980,325140,285240,0,39900,0,0
"TLAHUAC","Mando Superior","Femenino",12,61321,55420,0,5901,735852,665040,0,70812,0,2
"TLALPAN","Mando Superior","Femenino",13,60105,53658,0,6447,781365,697554,0,83811,0,0
"VENUSTIANO CARRANZA","Mando Superior","Femenino",11,62764,55183,0,7581,690404,607013,0,83391,1,0
"XOCHIMILCO","Mando Superior","Femenino",9,58541,52426,0,6115,526869,471834,0,55035,1,0
"PROCURADURIA GENERAL DE JUSTICIA DEL DISTRITO FEDERAL","Mando Superior","Femenino",60,59945,54504,0,5441,3596700,3270240,0,326460,2,0
"SECRETARIA DE CIENCIA, TECNOLOGIA E INNOVACION","Mando Superior","Femenino",6,60049,54048,0,6001,360294,324288,0,36006,1,0
"SECRETARIA DE CULTURA","Mando Superior","Femenino",6,60868,55688,0,5180,365208,334128,0,31080,2,1
"SECRETARIA DE DESARROLLO ECONOMICO","Mando Superior","Femenino",14,60608,53630,0,6978,848512,750820,0,97692,1,0
"SECRETARIA DE DESARROLLO SOCIAL","Mando Superior","Femenino",13,63942,57368,0,6574,831246,745784,0,85462,0,0
"SECRETARIA DE DESARROLLO URBANO Y VIVIENDA","Mando Superior","Femenino",2,60363,53313,0,7050,120726,106626,0,14100,0,0
"SECRETARIA DE DESRROLLO RURAL Y EQUIDAD PARA LAS COMUNIDADES","Mando Superior","Femenino",6,62226,56408,0,5818,373356,338448,0,34908,1,0
"SECRETARIA DE EDUCACION","Mando Superior","Femenino",9,64256,57287,0,6969,578304,515583,0,62721,2,0
"SECRETARIA DE FINANZAS","Mando Superior","Femenino",30,61690,55171,0,6519,1850700,1655130,0,195570,1,0
"SECRETARIA DE GOBIERNO","Mando Superior","Femenino",31,62588,55319,0,7269,1940228,1714889,0,225339,1,0
"SECRETARIA DE MOVILIDAD","Mando Superior","Femenino",7,61516,56176,0,5340,430612,393232,0,37380,3,0
"SECRETARIA DE OBRAS Y SERVICIOS","Mando Superior","Femenino",5,59590,53168,0,6422,297950,265840,0,32110,1,0
"SECRETARIA DE PROTECCION CIVIL","Mando Superior","Femenino",2,59179,53181,0,5998,118358,106362,0,11996,2,0
"SECRETARIA DE SALUD","Mando Superior","Femenino",5,58893,51746,0,7147,294465,258730,0,35735,0,0
"SECRETARIA DE SEGURIDAD PUBLICA","Mando Superior","Femenino",38,58150,51352,0,6798,2209700,1951376,0,258324,2,1
"SECRETARIA DE TRABAJO Y FOMENTO AL EMPLEO","Mando Superior","Femenino",7,59344,53421,0,5923,415408,373947,0,41461,0,1
"SECRETARIA DE TURISMO","Mando Superior","Femenino",3,65115,57675,0,7440,195345,173025,0,22320,2,2
"SECRETARIA DEL MEDIO AMBIENTE","Mando Superior","Femenino",14,64689,56735,0,7954,905646,794290,0,111356,1,1
"SECRETARIA EJECUTIVA DE MECANISMOS DE SEGUIMIENTO Y EVALUACION DEL PROGRAMA DE DERECHOS HUMANOS","Mando Superior","Femenino",1,61295,54240,0,7055,61295,54240,0,7055,0,3
"SISTEMA DE AGUAS DE LA CIUDAD DE MEXICO","Mando Superior","Femenino",2,72471,65751,0,6720,144942,131502,0,13440,1,1
"AGENCIA DE GESTION URBANA DE LA CIUDAD DE MEXICO","Mando Superior","Masculino",7,65508,58796,0,6712,458556,411572,0,46984,8,1
"AUTORIDAD DEL ESPACIO PÚBLICO DEL D.F.","Mando Superior","Masculino",6,69341,61579,0,7762,416046,369474,0,46572,0,1
"CAJA DE PREVISION DE LA POLICIA AUXILIAR DEL D. F.","Mando Superior","Masculino",3,70882,63533,0,7349,212646,190599,0,22047,3,1
"CONSEJERIA JURIDICA Y DE SERVICIOS LEGALES","Mando Superior","Masculino",12,74855,66766,0,8089,898260,801192,0,97068,6,2
"CONTRALORIA GENERAL DEL D.F.","Mando Superior","Masculino",59,65238,57568,0,7670,3849042,3396512,0,452530,4,0
"COORD. GRAL. DE LA AUT. DE LA ZONA PATRIMONIAL, MUNDIAL NAT. Y CULTURAL DE LA HUMANIDAD EN XOCHIMILCO, TLAHUAC Y MILPA ALTA","Mando Superior","Masculino",2,73037,65541,0,7496,146074,131082,0,14992,0,1
"COORDINACION DE LOS CENTROS DE TRANSFERENCIA MODAL DEL D.F","Mando Superior","Masculino",2,68491,60716,0,7775,136982,121432,0,15550,0,0
"COORDINACION GENERAL DE LA AUTORIDAD DEL CENTRO HISTORICO","Mando Superior","Masculino",3,75681,66545,0,9136,227043,199635,0,27408,4,4
"COORDINACION GENERAL DEL INSTITUTO DE FORMACION PROFESIONAL","Mando Superior","Masculino",5,70134,62377,0,7757,350670,311885,0,38785,3,2
"DIR. GRAL. DE LA AGENCIA DE PROTECC. SANITARIA DEL GDF","Mando Superior","Masculino",6,68416,59369,0,9047,410496,356214,0,54282,1,2
"DIR. GRAL. DEL REGIMEN DE PROTECCION SOCIAL EN SALUD DEL D.F.","Mando Superior","Masculino",1,70381,62199,0,8182,70381,62199,0,8182,0,1
"DIRECCION GENERAL DE LA PLANTA DE ASFALTO","Mando Superior","Masculino",1,71907,63760,0,8147,71907,63760,0,8147,0,3
"DIRECCION GENERAL DEL INSTITUTO TECNICO DE FORMACION POLICIAL","Mando Superior","Masculino",3,68833,60372,0,8461,206499,181116,0,25383,4,0
"DIRECCION GENERAL DEL PROYECTO METRO","Mando Superior","Masculino",8,71537,62828,0,8709,572296,502624,0,69672,2,0
"DIRECCIÓN GENERAL DEL SISTEMA DE RADIO Y TELEVISIÓN DIGITAL","Mando Superior","Masculino",2,74376,66312,0,8064,148752,132624,0,16128,2,8
"DIRECCION GRAL. DEL CENTRO DE ATENCION A EMERGENCIAS Y PROTECCION CIUDADANA DE LA CD. DE MEXICO","Mando Superior","Masculino",10,71197,62926,0,8271,711970,629260,0,82710,1,0
"FIDEICOMISO EDUCACION GARANTIZADA DEL DISTRITO FEDERAL","Mando Superior","Masculino",10,72746,65129,0,7617,727460,651290,0,76170,4,0
"FIDEICOMISO MUSEO DE ARTE POPULAR MEXICANO","Mando Superior","Masculino",2,68246,60370,0,7876,136492,120740,0,15752,0,1
"FIDEICOMISO MUSEO ESTANQUILLO","Mando Superior","Masculino",2,67047,57733,0,9314,134094,115466,0,18628,1,0
"HEROICO CUERPO DE BOMBEROS DEL D. F.","Mando Superior","Masculino",5,71758,63562,0,8196,358790,317810,0,40980,1,0
"INSTITUTO PARA LA ATENCION Y PREVENCION DE LAS ADICCIONES EN LA CD. DE MEX.","Mando Superior","Masculino",6,70596,61399,0,9197,423576,368394,0,55182,3,1
"JEFATURA DE GOBIERNO DEL DISTRITO FEDERAL","Mando Superior","Masculino",30,65012,55997,0,9015,1950360,1679910,0,270450,5,1
"OFICIALIA MAYOR","Mando Superior","Masculino",80,71434,64752,0,6682,5714720,5180160,0,534560,3,1
"ALVARO OBREGON","Mando Superior","Masculino",36,75481,66466,0,9015,2717316,2392776,0,324540,5,0
"AZCAPOTZALCO","Mando Superior","Masculino",21,74253,65518,0,8735,1559313,1375878,0,183435,1,0
"BENITO JUAREZ","Mando Superior","Masculino",30,71440,63103,0,8337,2143200,1893090,0,250110,0,0
"COYOACAN","Mando Superior","Masculino",28,73752,64325,0,9427,2065056,1801100,0,263956,2,0
"CUAJIMALPA DE MORELOS","Mando Superior","Masculino",27,74234,65814,0,8420,2004318,1776978,0,227340,4,4
"CUAUHTEMOC","Mando Superior","Masculino",23,71782,63689,0,8093,1650986,1464847,0,186139,0,0
"GUSTAVO A. MADERO","Mando Superior","Masculino",42,67968,60858,0,7110,2854656,2556036,0,298620,1,1
"IZTACALCO","Mando Superior","Masculino",21,73667,64251,0,9416,1547007,1349271,0,197736,9,1
"IZTAPALAPA","Mando Superior","Masculino",42,74761,67103,0,7658,3139962,2818326,0,321636,0,0
"LA MAGDALENA CONTRERAS","Mando Superior","Masculino",19,73873,66610,0,7263,1403587,1265590,0,137997,1,0
"MIGUEL HIDALGO","Mando Superior","Masculino",17,71459,62265,0,9194,1214803,1058505,0,156298,4,1
"MILPA ALTA","Mando Superior","Masculino",18,72908,65913,0,6995,1312344,1186434,0,125910,1,0
"TLAHUAC","Mando Superior","Masculino",23,73472,65809,0,7663,1689856,1513607,0,176249,5,0
"TLALPAN","Mando Superior","Masculino",22,69879,62748,0,7131,1537338,1380456,0,156882,1,0
"VENUSTIANO CARRANZA","Mando Superior","Masculino",20,73783,65541,0,8242,1475660,1310820,0,164840,0,0
"XOCHIMILCO","Mando Superior","Masculino",16,73110,63819,0,9291,1169760,1021104,0,148656,3,2
"PROCURADURIA GENERAL DE JUSTICIA DEL DISTRITO FEDERAL","Mando Superior","Masculino",130,74570,67091,0,7479,9694100,8721830,0,972270,7,1
"SECRETARIA DE CIENCIA, TECNOLOGIA E INNOVACION","Mando Superior","Masculino",8,67121,59820,0,7301,536968,478560,0,58408,2,2
"SECRETARIA DE CULTURA","Mando Superior","Masculino",13,69048,60386,0,8662,897624,785018,0,112606,0,1
"SECRETARIA DE DESARROLLO ECONOMICO","Mando Superior","Masculino",29,74806,67446,0,7360,2169374,1955934,0,213440,2,0
"SECRETARIA DE DESARROLLO SOCIAL","Mando Superior","Masculino",14,74177,66972,0,7205,1038478,937608,0,100870,1,0
"SECRETARIA DE DESARROLLO URBANO Y VIVIENDA","Mando Superior","Masculino",15,66368,57127,0,9241,995520,856905,0,138615,0,0
"SECRETARIA DE DESRROLLO RURAL Y EQUIDAD PARA LAS COMUNIDADES","Mando Superior","Masculino",2,64745,57931,0,6814,129490,115862,0,13628,1,0
"SECRETARIA DE EDUCACION","Mando Superior","Masculino",7,65615,56244,0,9371,459305,393708,0,65597,3,0
"SECRETARIA DE FINANZAS","Mando Superior","Masculino",56,72102,63922,0,8180,4037712,3579632,0,458080,0,0
"SECRETARIA DE GOBIERNO","Mando Superior","Masculino",43,67825,61232,0,6593,2916475,2632976,0,283499,0,1
"SECRETARIA DE MOVILIDAD","Mando Superior","Masculino",25,69441,61948,0,7493,1736025,1548700,0,187325,1,5
"SECRETARIA DE OBRAS Y SERVICIOS","Mando Superior","Masculino",31,67779,61047,0,6732,2101149,1892457,0,208692,2,0
"SECRETARIA DE PROTECCION CIVIL","Mando Superior","Masculino",5,70330,61440,0,8890,351650,307200,0,44450,1,0
"SECRETARIA DE SALUD","Mando Superior","Masculino",31,66283,58966,0,7317,2054773,1827946,0,226827,1,1
"SECRETARIA DE SEGURIDAD PUBLICA","Mando Superior","Masculino",170,69486,60593,0,8893,11812620,10300810,0,1511810,5,2
"SECRETARIA DE TRABAJO Y FOMENTO AL EMPLEO","Mando Superior","Masculino",7,68932,60391,0,8541,482524,422737,0,59787,0,1
"SECRETARIA DE TURISMO","Mando Superior","Masculino",13,67478,58424,0,9054,877214,759512,0,117702,0,1
"SECRETARIA DEL MEDIO AMBIENTE","Mando Superior","Masculino",27,73968,66593,0,7375,1997136,1798011,0,199125,2,5
"SECRETARIA EJECUTIVA DE MECANISMOS DE SEGUIMIENTO Y EVALUACION DEL PROGRAMA DE DERECHOS HUMANOS","Mando Superior","Masculino",0,0,0,0,0,0,0,0,0,1,0
"SISTEMA DE AGUAS DE LA CIUDAD DE MEXICO","Mando Superior","Masculino",14,71811,63432,0,8379,1005354,888048,0,117306,1,0
"AGENCIA DE GESTION URBANA DE LA CIUDAD DE MEXICO","Tecnico Operativo de Base","Femenino",2,9882,7412,1901,569,19764,14824,3802,1138,1,2
"CONSEJERIA JURIDICA Y DE SERVICIOS LEGALES","Tecnico Operativo de Base","Femenino",942,9447,6414,2295,738,8899074,6041988,2161890,695196,1,1
"CONTRALORIA GENERAL DEL D.F.","Tecnico Operativo de Base","Femenino",93,11463,9083,1788,592,1066059,844719,166284,55056,15,1
"COORDINACION DE LOS CENTROS DE TRANSFERENCIA MODAL DEL D.F","Tecnico Operativo de Base","Femenino",2,10801,8413,1726,662,21602,16826,3452,1324,0,1
"COORDINACION GENERAL DE LA AUTORIDAD DEL CENTRO HISTORICO","Tecnico Operativo de Base","Femenino",1,11977,9576,1540,861,11977,9576,1540,861,3,1
"COORDINACION GENERAL DEL INSTITUTO DE FORMACION PROFESIONAL","Tecnico Operativo de Base","Femenino",31,9392,6693,2087,612,291152,207483,64697,18972,6,15
"DIRECCION GENERAL DE LA PLANTA DE ASFALTO","Tecnico Operativo de Base","Femenino",42,11076,7804,2254,1018,465192,327768,94668,42756,9,0
"DIRECCION GENERAL DEL INSTITUTO TECNICO DE FORMACION POLICIAL","Tecnico Operativo de Base","Femenino",30,9612,7036,1585,991,288360,211080,47550,29730,2,3
"DIRECCION GENERAL DEL PROYECTO METRO","Tecnico Operativo de Base","Femenino",28,10851,7862,1953,1036,303828,220136,54684,29008,6,6
"HEROICO CUERPO DE BOMBEROS DEL D. F.","Tecnico Operativo de Base","Femenino",250,9166,5828,2323,1015,2291500,1457000,580750,253750,1,9
"INSTITUTO DE LAS MUJERES DEL DISTRITO FEDERAL","Tecnico Operativo de Base","Femenino",192,10158,7763,1787,608,1950336,1490496,343104,116736,1,0
"JEFATURA DE GOBIERNO DEL DISTRITO FEDERAL","Tecnico Operativo de Base","Femenino",144,11941,9031,1984,926,1719504,1300464,285696,133344,15,0
"OFICIALIA MAYOR","Tecnico Operativo de Base","Femenino",894,10042,7128,2412,502,8977548,6372432,2156328,448788,1,0
"ALVARO OBREGON","Tecnico Operativo de Base","Femenino",1289,10659,7555,2391,713,13739451,9738395,3081999,919057,1,0
"AZCAPOTZALCO","Tecnico Operativo de Base","Femenino",1403,10556,7813,1566,1177,14810068,10961639,2197098,1651331,5,0
"BENITO JUAREZ","Tecnico Operativo de Base","Femenino",1137,11838,9309,1569,960,13459806,10584333,1783953,1091520,0,0
"COYOACAN","Tecnico Operativo de Base","Femenino",1676,10572,8103,1852,617,17718672,13580628,3103952,1034092,1,0
"CUAJIMALPA DE MORELOS","Tecnico Operativo de Base","Femenino",1169,9195,6326,1995,874,10748955,7395094,2332155,1021706,3,0
"CUAUHTEMOC","Tecnico Operativo de Base","Femenino",2620,11806,9390,1598,818,30931720,24601800,4186760,2143160,11,0
"GUSTAVO A. MADERO","Tecnico Operativo de Base","Femenino",2696,11350,7796,2458,1096,30599600,21018016,6626768,2954816,11,0
"IZTACALCO","Tecnico Operativo de Base","Femenino",1275,9374,6174,2038,1162,11951850,7871850,2598450,1481550,7,0
"IZTAPALAPA","Tecnico Operativo de Base","Femenino",2557,10017,7281,1777,959,25613469,18617517,4543789,2452163,6,3
"LA MAGDALENA CONTRERAS","Tecnico Operativo de Base","Femenino",730,9101,6817,1631,653,6643730,4976410,1190630,476690,12,0
"MIGUEL HIDALGO","Tecnico Operativo de Base","Femenino",995,11070,8755,1638,677,11014650,8711225,1629810,673615,4,0
"MILPA ALTA","Tecnico Operativo de Base","Femenino",904,9908,6349,2470,1089,8956832,5739496,2232880,984456,24,0
"TLAHUAC","Tecnico Operativo de Base","Femenino",1395,10895,7564,2286,1045,15198525,10551780,3188970,1457775,15,0
"TLALPAN","Tecnico Operativo de Base","Femenino",1073,10154,6944,2410,800,10895242,7450912,2585930,858400,5,1
"VENUSTIANO CARRANZA","Tecnico Operativo de Base","Femenino",1983,11799,9408,1543,848,23397417,18656064,3059769,1681584,9,10
"XOCHIMILCO","Tecnico Operativo de Base","Femenino",1257,9827,7122,1740,965,12352539,8952354,2187180,1213005,26,0
"PROCURADURIA GENERAL DE JUSTICIA DEL DISTRITO FEDERAL","Tecnico Operativo de Base","Femenino",564,9673,7567,1506,600,5455572,4267788,849384,338400,13,0
"SECRETARIA DE CIENCIA, TECNOLOGIA E INNOVACION","Tecnico Operativo de Base","Femenino",1,11522,8207,2196,1119,11522,8207,2196,1119,9,1
"SECRETARIA DE CULTURA","Tecnico Operativo de Base","Femenino",282,9789,6884,2261,644,2760498,1941288,637602,181608,5,2
"SECRETARIA DE DESARROLLO ECONOMICO","Tecnico Operativo de Base","Femenino",198,10083,7434,1622,1027,1996434,1471932,321156,203346,36,1
"SECRETARIA DE DESARROLLO SOCIAL","Tecnico Operativo de Base","Femenino",2896,11537,8901,1900,736,33411152,25777296,5502400,2131456,3,1
"SECRETARIA DE DESARROLLO URBANO Y VIVIENDA","Tecnico Operativo de Base","Femenino",222,11054,8266,2145,643,2453988,1835052,476190,142746,6,52
"SECRETARIA DE DESRROLLO RURAL Y EQUIDAD PARA LAS COMUNIDADES","Tecnico Operativo de Base","Femenino",35,10225,7748,1691,786,357875,271180,59185,27510,9,0
"SECRETARIA DE EDUCACION","Tecnico Operativo de Base","Femenino",167,9769,6874,1956,939,1631423,1147958,326652,156813,2,0
"SECRETARIA DE FINANZAS","Tecnico Operativo de Base","Femenino",1682,11086,8357,2048,681,18646652,14056474,3444736,1145442,1,2
"SECRETARIA DE GOBIERNO","Tecnico Operativo de Base","Femenino",1407,9805,7008,1949,848,13795635,9860256,2742243,1193136,15,1
"SECRETARIA DE MOVILIDAD","Tecnico Operativo de Base","Femenino",293,10341,7923,1534,884,3029913,2321439,449462,259012,4,1
"SECRETARIA DE OBRAS Y SERVICIOS","Tecnico Operativo de Base","Femenino",1265,10496,7152,2315,1029,13277440,9047280,2928475,1301685,3,1
"SECRETARIA DE PROTECCION CIVIL","Tecnico Operativo de Base","Femenino",5,9066,5962,2355,749,45330,29810,11775,3745,1,1
"SECRETARIA DE SALUD","Tecnico Operativo de Base","Femenino",8197,11330,8439,1955,936,92872010,69174483,16025135,7672392,1,15
"SECRETARIA DE SEGURIDAD PUBLICA","Tecnico Operativo de Base","Femenino",424,11708,8678,2267,763,4964192,3679472,961208,323512,0,0
"SECRETARIA DE TRABAJO Y FOMENTO AL EMPLEO","Tecnico Operativo de Base","Femenino",145,9266,5924,2176,1166,1343570,858980,315520,169070,0,3
"SECRETARIA DE TURISMO","Tecnico Operativo de Base","Femenino",59,9845,7247,2004,594,580855,427573,118236,35046,1,6
"SECRETARIA DEL MEDIO AMBIENTE","Tecnico Operativo de Base","Femenino",935,9210,6301,2246,663,8611350,5891435,2100010,619905,0,9
"SISTEMA DE AGUAS DE LA CIUDAD DE MEXICO","Tecnico Operativo de Base","Femenino",1874,10989,7803,2020,1166,20593386,14622822,3785480,2185084,2,0
"AGENCIA DE GESTION URBANA DE LA CIUDAD DE MEXICO","Tecnico Operativo de Base","Masculino",5,12883,9962,2141,780,64415,49810,10705,3900,1,0
"CONSEJERIA JURIDICA Y DE SERVICIOS LEGALES","Tecnico Operativo de Base","Masculino",820,13747,10876,1749,1122,11272540,8918320,1434180,920040,2,0
"CONTRALORIA GENERAL DEL D.F.","Tecnico Operativo de Base","Masculino",58,10942,7496,2184,1262,634636,434768,126672,73196,1,0
"COORDINACION DE LOS CENTROS DE TRANSFERENCIA MODAL DEL D.F","Tecnico Operativo de Base","Masculino",8,13015,9751,1781,1483,104120,78008,14248,11864,3,0
"COORDINACION GENERAL DE LA AUTORIDAD DEL CENTRO HISTORICO","Tecnico Operativo de Base","Masculino",2,11832,8860,1845,1127,23664,17720,3690,2254,0,0
"COORDINACION GENERAL DEL INSTITUTO DE FORMACION PROFESIONAL","Tecnico Operativo de Base","Masculino",8,11273,7878,2190,1205,90184,63024,17520,9640,1,0
"DIRECCION GENERAL DE LA PLANTA DE ASFALTO","Tecnico Operativo de Base","Masculino",210,11269,8651,1537,1081,2366490,1816710,322770,227010,34,66
"DIRECCION GENERAL DEL INSTITUTO TECNICO DE FORMACION POLICIAL","Tecnico Operativo de Base","Masculino",35,11209,8104,2207,898,392315,283640,77245,31430,0,0
"DIRECCION GENERAL DEL PROYECTO METRO","Tecnico Operativo de Base","Masculino",8,11077,7501,2210,1366,88616,60008,17680,10928,29,0
"HEROICO CUERPO DE BOMBEROS DEL D. F.","Tecnico Operativo de Base","Masculino",1415,13645,9892,2448,1305,19307675,13997180,3463920,1846575,1,0
"INSTITUTO DE LAS MUJERES DEL DISTRITO FEDERAL","Tecnico Operativo de Base","Masculino",27,13763,11090,1556,1117,371601,299430,42012,30159,2,1
"JEFATURA DE GOBIERNO DEL DISTRITO FEDERAL","Tecnico Operativo de Base","Masculino",131,10879,8254,1887,738,1425149,1081274,247197,96678,1,10
"OFICIALIA MAYOR","Tecnico Operativo de Base","Masculino",606,12707,9649,1668,1390,7700442,5847294,1010808,842340,53,0
"ALVARO OBREGON","Tecnico Operativo de Base","Masculino",2408,13724,10615,1694,1415,33047392,25560920,4079152,3407320,5,0
"AZCAPOTZALCO","Tecnico Operativo de Base","Masculino",2043,12919,10569,1624,726,26393517,21592467,3317832,1483218,0,1
"BENITO JUAREZ","Tecnico Operativo de Base","Masculino",2358,10034,7470,1639,925,23660172,17614260,3864762,2181150,0,2
"COYOACAN","Tecnico Operativo de Base","Masculino",2820,13259,10332,1797,1130,37390380,29136240,5067540,3186600,13,1
"CUAJIMALPA DE MORELOS","Tecnico Operativo de Base","Masculino",1494,11423,8541,1651,1231,17065962,12760254,2466594,1839114,12,1
"CUAUHTEMOC","Tecnico Operativo de Base","Masculino",4148,10486,7209,1942,1335,43495928,29902932,8055416,5537580,24,5
"GUSTAVO A. MADERO","Tecnico Operativo de Base","Masculino",4344,13518,10409,1658,1451,58722192,45216696,7202352,6303144,24,0
"IZTACALCO","Tecnico Operativo de Base","Masculino",1871,12472,9196,2489,787,23335112,17205716,4656919,1472477,15,0
"IZTAPALAPA","Tecnico Operativo de Base","Masculino",4150,13205,9798,2436,971,54800750,40661700,10109400,4029650,5,2
"LA MAGDALENA CONTRERAS","Tecnico Operativo de Base","Masculino",1353,10891,8030,1729,1132,14735523,10864590,2339337,1531596,9,1
"MIGUEL HIDALGO","Tecnico Operativo de Base","Masculino",2032,10882,7289,2289,1304,22112224,14811248,4651248,2649728,3,1
"MILPA ALTA","Tecnico Operativo de Base","Masculino",1294,12965,9431,2309,1225,16776710,12203714,2987846,1585150,6,1
"TLAHUAC","Tecnico Operativo de Base","Masculino",1829,13117,10103,2005,1009,23990993,18478387,3667145,1845461,9,65
"TLALPAN","Tecnico Operativo de Base","Masculino",1868,11821,8879,2080,862,22081628,16585972,3885440,1610216,1,15
"VENUSTIANO CARRANZA","Tecnico Operativo de Base","Masculino",3178,11838,8964,2107,767,37621164,28487592,6696046,2437526,1,0
"XOCHIMILCO","Tecnico Operativo de Base","Masculino",2301,13227,9508,2475,1244,30435327,21877908,5694975,2862444,0,3
"PROCURADURIA GENERAL DE JUSTICIA DEL DISTRITO FEDERAL","Tecnico Operativo de Base","Masculino",315,12293,8963,1881,1449,3872295,2823345,592515,456435,1,6
"SECRETARIA DE CIENCIA, TECNOLOGIA E INNOVACION","Tecnico Operativo de Base","Masculino",2,12336,8622,2360,1354,24672,17244,4720,2708,1,9
"SECRETARIA DE CULTURA","Tecnico Operativo de Base","Masculino",533,13796,10184,2159,1453,7353268,5428072,1150747,774449,4,0
"SECRETARIA DE DESARROLLO ECONOMICO","Tecnico Operativo de Base","Masculino",252,12771,10103,1736,932,3218292,2545956,437472,234864,24,0
"SECRETARIA DE DESARROLLO SOCIAL","Tecnico Operativo de Base","Masculino",1083,10294,6636,2286,1372,11148402,7186788,2475738,1485876,1,0
"SECRETARIA DE DESARROLLO URBANO Y VIVIENDA","Tecnico Operativo de Base","Masculino",223,10585,7389,1986,1210,2360455,1647747,442878,269830,0,0
"SECRETARIA DE DESRROLLO RURAL Y EQUIDAD PARA LAS COMUNIDADES","Tecnico Operativo de Base","Masculino",72,12961,9581,2383,997,933192,689832,171576,71784,7,0
"SECRETARIA DE EDUCACION","Tecnico Operativo de Base","Masculino",219,13446,10232,2317,897,2944674,2240808,507423,196443,0,1
"SECRETARIA DE FINANZAS","Tecnico Operativo de Base","Masculino",1752,13139,9986,1831,1322,23019528,17495472,3207912,2316144,33,1
"SECRETARIA DE GOBIERNO","Tecnico Operativo de Base","Masculino",905,12910,10203,1757,950,11683550,9233715,1590085,859750,0,0
"SECRETARIA DE MOVILIDAD","Tecnico Operativo de Base","Masculino",575,13920,10070,2377,1473,8004000,5790250,1366775,846975,0,0
"SECRETARIA DE OBRAS Y SERVICIOS","Tecnico Operativo de Base","Masculino",2187,10390,7174,2374,842,22722930,15689538,5191938,1841454,1,0
"SECRETARIA DE PROTECCION CIVIL","Tecnico Operativo de Base","Masculino",12,10636,7517,1960,1159,127632,90204,23520,13908,1,23
"SECRETARIA DE SALUD","Tecnico Operativo de Base","Masculino",5222,13061,10081,1982,998,68204542,52642982,10350004,5211556,1,0
"SECRETARIA DE SEGURIDAD PUBLICA","Tecnico Operativo de Base","Masculino",304,11568,8359,1985,1224,3516672,2541136,603440,372096,0,0
"SECRETARIA DE TRABAJO Y FOMENTO AL EMPLEO","Tecnico Operativo de Base","Masculino",83,12105,8878,2034,1193,1004715,736874,168822,99019,1,1
"SECRETARIA DE TURISMO","Tecnico Operativo de Base","Masculino",36,11535,7867,2380,1288,415260,283212,85680,46368,2,1
"SECRETARIA DEL MEDIO AMBIENTE","Tecnico Operativo de Base","Masculino",1620,11590,8383,2445,762,18775800,13580460,3960900,1234440,1,1
"SISTEMA DE AGUAS DE LA CIUDAD DE MEXICO","Tecnico Operativo de Base","Masculino",8210,12136,9031,1648,1457,99636560,74144510,13530080,11961970,1,0
"CAJA DE PREVISION DE LA POLICIA AUXILIAR DEL D. F.","Tecnico Operativo de Confianza","Femenino",13,10689,8143,1363,1183,138957,105859,17719,15379,1,23
"CONSEJERIA JURIDICA Y DE SERVICIOS LEGALES","Tecnico Operativo de Confianza","Femenino",646,10969,8376,1895,698,7085974,5410896,1224170,450908,3,2
"CONTRALORIA GENERAL DEL D.F.","Tecnico Operativo de Confianza","Femenino",39,9872,7716,1329,827,385008,300924,51831,32253,0,1
"COORDINACION DE LOS CENTROS DE TRANSFERENCIA MODAL DEL D.F","Tecnico Operativo de Confianza","Femenino",5,9681,7120,1459,1102,48405,35600,7295,5510,0,1
"COORDINACION GENERAL DE LA AUTORIDAD DEL CENTRO HISTORICO","Tecnico Operativo de Confianza","Femenino",1,9874,7392,1296,1186,9874,7392,1296,1186,0,1
"COORDINACION GENERAL DEL INSTITUTO DE FORMACION PROFESIONAL","Tecnico Operativo de Confianza","Femenino",26,10894,8027,1984,883,283244,208702,51584,22958,23,3
"DIRECCION GENERAL DE LA PLANTA DE ASFALTO","Tecnico Operativo de Confianza","Femenino",1,11226,9140,1103,983,11226,9140,1103,983,0,0
"DIRECCION GENERAL DEL INSTITUTO TECNICO DE FORMACION POLICIAL","Tecnico Operativo de Confianza","Femenino",17,10637,8219,1752,666,180829,139723,29784,11322,3,0
"DIRECCION GENERAL DEL PROYECTO METRO","Tecnico Operativo de Confianza","Femenino",0,0,0,0,0,0,0,0,0,2,0
"JEFATURA DE GOBIERNO DEL DISTRITO FEDERAL","Tecnico Operativo de Confianza","Femenino",15,10661,7609,1989,1063,159915,114135,29835,15945,1,0
"OFICIALIA MAYOR","Tecnico Operativo de Confianza","Femenino",45,10802,8905,1195,702,486090,400725,53775,31590,0,0
"ALVARO OBREGON","Tecnico Operativo de Confianza","Femenino",225,11928,9436,1878,614,2683800,2123100,422550,138150,0,0
"AZCAPOTZALCO","Tecnico Operativo de Confianza","Femenino",75,11651,9542,1339,770,873825,715650,100425,57750,3,13
"BENITO JUAREZ","Tecnico Operativo de Confianza","Femenino",109,10461,8707,1132,622,1140249,949063,123388,67798,1,0
"COYOACAN","Tecnico Operativo de Confianza","Femenino",145,9741,7061,1807,873,1412445,1023845,262015,126585,1,0
"CUAJIMALPA DE MORELOS","Tecnico Operativo de Confianza","Femenino",97,10441,8254,1329,858,1012777,800638,128913,83226,0,0
"CUAUHTEMOC","Tecnico Operativo de Confianza","Femenino",169,9248,7630,1088,530,1562912,1289470,183872,89570,0,3
"GUSTAVO A. MADERO","Tecnico Operativo de Confianza","Femenino",177,10687,8491,1431,765,1891599,1502907,253287,135405,0,1
"IZTACALCO","Tecnico Operativo de Confianza","Femenino",122,10964,8558,1697,709,1337608,1044076,207034,86498,0,2
"IZTAPALAPA","Tecnico Operativo de Confianza","Femenino",381,11633,9894,1099,640,4432173,3769614,418719,243840,12,1
"LA MAGDALENA CONTRERAS","Tecnico Operativo de Confianza","Femenino",66,11427,8642,1819,966,754182,570372,120054,63756,0,2
"MIGUEL HIDALGO","Tecnico Operativo de Confianza","Femenino",120,9900,7406,1621,873,1188000,888720,194520,104760,1,1
"MILPA ALTA","Tecnico Operativo de Confianza","Femenino",111,9543,7632,1231,680,1059273,847152,136641,75480,1,1
"TLAHUAC","Tecnico Operativo de Confianza","Femenino",142,10120,7427,1581,1112,1437040,1054634,224502,157904,1,0
"TLALPAN","Tecnico Operativo de Confianza","Femenino",82,10589,8368,1393,828,868298,686176,114226,67896,0,1
"VENUSTIANO CARRANZA","Tecnico Operativo de Confianza","Femenino",250,9937,7489,1844,604,2484250,1872250,461000,151000,1,6
"XOCHIMILCO","Tecnico Operativo de Confianza","Femenino",158,10184,8383,1096,705,1609072,1324514,173168,111390,2,3
"PROCURADURIA GENERAL DE JUSTICIA DEL DISTRITO FEDERAL","Tecnico Operativo de Confianza","Femenino",4958,9563,6938,1984,641,47413354,34398604,9836672,3178078,1,0
"SECRETARIA DE CULTURA","Tecnico Operativo de Confianza","Femenino",110,9254,6620,1991,643,1017940,728200,219010,70730,1,23
"SECRETARIA DE DESARROLLO ECONOMICO","Tecnico Operativo de Confianza","Femenino",29,11515,9403,1254,858,333935,272687,36366,24882,1,0
"SECRETARIA DE DESARROLLO SOCIAL","Tecnico Operativo de Confianza","Femenino",35,10910,9106,1017,787,381850,318710,35595,27545,3,0
"SECRETARIA DE DESARROLLO URBANO Y VIVIENDA","Tecnico Operativo de Confianza","Femenino",54,11576,8629,1872,1075,625104,465966,101088,58050,0,1
"SECRETARIA DE DESRROLLO RURAL Y EQUIDAD PARA LAS COMUNIDADES","Tecnico Operativo de Confianza","Femenino",1,10844,9026,1009,809,10844,9026,1009,809,0,3
"SECRETARIA DE EDUCACION","Tecnico Operativo de Confianza","Femenino",1,10108,7383,1790,935,10108,7383,1790,935,13,1
"SECRETARIA DE FINANZAS","Tecnico Operativo de Confianza","Femenino",591,10082,7524,1579,979,5958462,4446684,933189,578589,12,2
"SECRETARIA DE GOBIERNO","Tecnico Operativo de Confianza","Femenino",2603,11835,9398,1488,949,30806505,24462994,3873264,2470247,24,4
"SECRETARIA DE MOVILIDAD","Tecnico Operativo de Confianza","Femenino",94,11258,8766,1879,613,1058252,824004,176626,57622,24,12
"SECRETARIA DE OBRAS Y SERVICIOS","Tecnico Operativo de Confianza","Femenino",13,10135,8110,1410,615,131755,105430,18330,7995,15,5
"SECRETARIA DE SALUD","Tecnico Operativo de Confianza","Femenino",101,9024,6040,1931,1053,911424,610040,195031,106353,52,18
"SECRETARIA DE SEGURIDAD PUBLICA","Tecnico Operativo de Confianza","Femenino",1165,11051,8730,1285,1036,12874415,10170450,1497025,1206940,9,20
"SECRETARIA DE TRABAJO Y FOMENTO AL EMPLEO","Tecnico Operativo de Confianza","Femenino",47,10988,8481,1873,634,516436,398607,88031,29798,26,14
"SECRETARIA DE TURISMO","Tecnico Operativo de Confianza","Femenino",2,11234,9064,1433,737,22468,18128,2866,1474,13,23
"SECRETARIA DEL MEDIO AMBIENTE","Tecnico Operativo de Confianza","Femenino",28,9621,7121,1858,642,269388,199388,52024,17976,9,42
"SISTEMA DE AGUAS DE LA CIUDAD DE MEXICO","Tecnico Operativo de Confianza","Femenino",2,10432,7702,1828,902,20864,15404,3656,1804,5,16
"CAJA DE PREVISION DE LA POLICIA AUXILIAR DEL D. F.","Tecnico Operativo de Confianza","Masculino",10,11744,8254,2246,1244,117440,82540,22460,12440,36,96
"CONSEJERIA JURIDICA Y DE SERVICIOS LEGALES","Tecnico Operativo de Confianza","Masculino",566,13388,10288,1871,1229,7577608,5823008,1058986,695614,24,9
"CONTRALORIA GENERAL DEL D.F.","Tecnico Operativo de Confianza","Masculino",42,13067,10026,1626,1415,548814,421092,68292,59430,13,8
"COORDINACION DE LOS CENTROS DE TRANSFERENCIA MODAL DEL D.F","Tecnico Operativo de Confianza","Masculino",7,11803,9314,1711,778,82621,65198,11977,5446,10,10
"COORDINACION GENERAL DE LA AUTORIDAD DEL CENTRO HISTORICO","Tecnico Operativo de Confianza","Masculino",0,0,0,0,0,0,0,0,0,5,18
"COORDINACION GENERAL DEL INSTITUTO DE FORMACION PROFESIONAL","Tecnico Operativo de Confianza","Masculino",28,10396,7147,2073,1176,291088,200116,58044,32928,2,8
"DIRECCION GENERAL DE LA PLANTA DE ASFALTO","Tecnico Operativo de Confianza","Masculino",7,10084,7421,1586,1077,70588,51947,11102,7539,1,31
"DIRECCION GENERAL DEL INSTITUTO TECNICO DE FORMACION POLICIAL","Tecnico Operativo de Confianza","Masculino",19,12827,10165,1558,1104,243713,193135,29602,20976,1,9
"DIRECCION GENERAL DEL PROYECTO METRO","Tecnico Operativo de Confianza","Masculino",1,10995,8075,1529,1391,10995,8075,1529,1391,0,11
"JEFATURA DE GOBIERNO DEL DISTRITO FEDERAL","Tecnico Operativo de Confianza","Masculino",13,12869,10367,1546,956,167297,134771,20098,12428,3,15
"OFICIALIA MAYOR","Tecnico Operativo de Confianza","Masculino",28,10970,7484,2188,1298,307160,209552,61264,36344,4,2
"ALVARO OBREGON","Tecnico Operativo de Confianza","Masculino",73,11362,7743,2159,1460,829426,565239,157607,106580,3,5
"AZCAPOTZALCO","Tecnico Operativo de Confianza","Masculino",32,12594,9752,1866,976,403008,312064,59712,31232,0,1
"BENITO JUAREZ","Tecnico Operativo de Confianza","Masculino",29,12765,9000,2484,1281,370185,261000,72036,37149,1,4
"COYOACAN","Tecnico Operativo de Confianza","Masculino",9,11358,7780,2387,1191,102222,70020,21483,10719,75,2
"CUAJIMALPA DE MORELOS","Tecnico Operativo de Confianza","Masculino",2,10887,8031,2101,755,21774,16062,4202,1510,280,0
"CUAUHTEMOC","Tecnico Operativo de Confianza","Masculino",30,13805,10878,2048,879,414150,326340,61440,26370,0,5
"GUSTAVO A. MADERO","Tecnico Operativo de Confianza","Masculino",40,10316,7075,2205,1036,412640,283000,88200,41440,1,10
"IZTACALCO","Tecnico Operativo de Confianza","Masculino",14,11811,8407,2271,1133,165354,117698,31794,15862,48,3
"IZTAPALAPA","Tecnico Operativo de Confianza","Masculino",68,12832,9259,2258,1315,872576,629612,153544,89420,4,0
"LA MAGDALENA CONTRERAS","Tecnico Operativo de Confianza","Masculino",26,13826,11241,1699,886,359476,292266,44174,23036,4,104
"MIGUEL HIDALGO","Tecnico Operativo de Confianza","Masculino",7,12231,9726,1695,810,85617,68082,11865,5670,22,174
"MILPA ALTA","Tecnico Operativo de Confianza","Masculino",8,10203,6801,2139,1263,81624,54408,17112,10104,16,1
"TLAHUAC","Tecnico Operativo de Confianza","Masculino",13,13743,11070,1967,706,178659,143910,25571,9178,176,4
"TLALPAN","Tecnico Operativo de Confianza","Masculino",13,12598,10069,1707,822,163774,130897,22191,10686,3,25
"VENUSTIANO CARRANZA","Tecnico Operativo de Confianza","Masculino",29,12350,9202,1961,1187,358150,266858,56869,34423,1,10
"XOCHIMILCO","Tecnico Operativo de Confianza","Masculino",13,12925,9670,1806,1449,168025,125710,23478,18837,4,1
"PROCURADURIA GENERAL DE JUSTICIA DEL DISTRITO FEDERAL","Tecnico Operativo de Confianza","Masculino",7716,11712,8504,2070,1138,90369792,65616864,15972120,8780808,0,20
"SECRETARIA DE CULTURA","Tecnico Operativo de Confianza","Masculino",117,11154,7999,2398,757,1305018,935883,280566,88569,2,13
"SECRETARIA DE DESARROLLO ECONOMICO","Tecnico Operativo de Confianza","Masculino",5,13273,10017,1795,1461,66365,50085,8975,7305,0,205
"SECRETARIA DE DESARROLLO SOCIAL","Tecnico Operativo de Confianza","Masculino",7,11868,8419,2098,1351,83076,58933,14686,9457,1,0
"SECRETARIA DE DESARROLLO URBANO Y VIVIENDA","Tecnico Operativo de Confianza","Masculino",23,10624,7523,2376,725,244352,173029,54648,16675,1,0
"SECRETARIA DE DESRROLLO RURAL Y EQUIDAD PARA LAS COMUNIDADES","Tecnico Operativo de Confianza","Masculino",0,0,0,0,0,0,0,0,0,12,0
"SECRETARIA DE EDUCACION","Tecnico Operativo de Confianza","Masculino",1,12734,10150,1587,997,12734,10150,1587,997,1,0
"SECRETARIA DE FINANZAS","Tecnico Operativo de Confianza","Masculino",626,12339,8565,2352,1422,7724214,5361690,1472352,890172,0,12
"SECRETARIA DE GOBIERNO","Tecnico Operativo de Confianza","Masculino",3912,13518,10423,2155,940,52882416,40774776,8430360,3677280,2,0
"SECRETARIA DE MOVILIDAD","Tecnico Operativo de Confianza","Masculino",128,11526,8611,2211,704,1475328,1102208,283008,90112,1,2
"SECRETARIA DE OBRAS Y SERVICIOS","Tecnico Operativo de Confianza","Masculino",34,13272,10478,1514,1280,451248,356252,51476,43520,0,0
"SECRETARIA DE SALUD","Tecnico Operativo de Confianza","Masculino",173,12308,9013,2003,1292,2129284,1559249,346519,223516,1,0
"SECRETARIA DE SEGURIDAD PUBLICA","Tecnico Operativo de Confianza","Masculino",1127,11998,9348,1794,856,13521746,10535196,2021838,964712,1,0
"SECRETARIA DE TRABAJO Y FOMENTO AL EMPLEO","Tecnico Operativo de Confianza","Masculino",25,11489,8010,2473,1006,287225,200250,61825,25150,1,0
"SECRETARIA DE TURISMO","Tecnico Operativo de Confianza","Masculino",1,12871,9534,1884,1453,12871,9534,1884,1453,2,0
"SECRETARIA DEL MEDIO AMBIENTE","Tecnico Operativo de Confianza","Masculino",13,10970,7661,2207,1102,142610,99593,28691,14326,1,0
"SISTEMA DE AGUAS DE LA CIUDAD DE MEXICO","Tecnico Operativo de Confianza","Masculino",2,10582,7355,1792,1435,21164,14710,3584,2870,10,0
