FUNCI흁_DENOMINACI흁,TIPO_URG,CENTRO_GESTOR,MES_1,MES_2,MES_3,MES_4,MES_5,MES_6,MES_7,MES_8,MES_9,MES_10,MES_11,MES_12,EJERCIDO_ENERO_AGOSTO
"AGROPECUARIA, SILVICULTURA, PESCA Y CAZA",DELEGACIONES,DELEGACI흁 첿VARO OBREG흁,,,,,,,,,,,,,0
"AGROPECUARIA, SILVICULTURA, PESCA Y CAZA",DELEGACIONES,DELEGACI흁 CUAJIMALPA DE MORELOS,,,,,,,,,,,,,"31,205"
"AGROPECUARIA, SILVICULTURA, PESCA Y CAZA",DELEGACIONES,DELEGACI흁 LA MAGDALENA CONTRERAS,,,,,,,,,,,,,"3,423,611"
"AGROPECUARIA, SILVICULTURA, PESCA Y CAZA",DELEGACIONES,DELEGACI흁 MIGUEL HIDALGO,,,,,,,,,,,,,0
"AGROPECUARIA, SILVICULTURA, PESCA Y CAZA",DELEGACIONES,DELEGACI흁 MILPA ALTA,,,,,,,,,,,,,"50,308,258"
"AGROPECUARIA, SILVICULTURA, PESCA Y CAZA",DELEGACIONES,DELEGACI흁 TL첻UAC,,,,,,,,,,,,,"2,444,008"
"AGROPECUARIA, SILVICULTURA, PESCA Y CAZA",DELEGACIONES,DELEGACI흁 TLALPAN,,,,,,,,,,,,,"3,934,674"
"AGROPECUARIA, SILVICULTURA, PESCA Y CAZA",DELEGACIONES,DELEGACI흁 XOCHIMILCO,,,,,,,,,,,,,"666,066"
"AGROPECUARIA, SILVICULTURA, PESCA Y CAZA",DEPENDENCIAS,SECRETAR페 DE DESARROLLO RURAL Y EQUIDAD PARA LAS COMUNIDADES DEL DISTRITO FEDERAL,,,,,,,,,,,,,"64,414,032"
"AGROPECUARIA, SILVICULTURA, PESCA Y CAZA",DEPENDENCIAS,SECRETAR페 DE GOBIERNO DEL DISTRITO FEDERAL,,,,,,,,,,,,,"7,834,447"
ASUNTOS DE ORDEN PUBLICO Y DE SEGURIDAD INTERIOR,DELEGACIONES,DELEGACI흁 첿VARO OBREG흁,,,,,,,,,,,,,"66,493,576"
ASUNTOS DE ORDEN PUBLICO Y DE SEGURIDAD INTERIOR,DELEGACIONES,DELEGACI흁 AZCAPOTZALCO,,,,,,,,,,,,,"107,008,746"
ASUNTOS DE ORDEN PUBLICO Y DE SEGURIDAD INTERIOR,DELEGACIONES,DELEGACI흁 BENITO JUREZ,,,,,,,,,,,,,"24,643,896"
ASUNTOS DE ORDEN PUBLICO Y DE SEGURIDAD INTERIOR,DELEGACIONES,DELEGACI흁 COYOAC쳁,,,,,,,,,,,,,"43,612,801"
ASUNTOS DE ORDEN PUBLICO Y DE SEGURIDAD INTERIOR,DELEGACIONES,DELEGACI흁 CUAJIMALPA DE MORELOS,,,,,,,,,,,,,"14,762,573"
ASUNTOS DE ORDEN PUBLICO Y DE SEGURIDAD INTERIOR,DELEGACIONES,DELEGACI흁 CUAUHT텘OC,,,,,,,,,,,,,"65,475,298"
ASUNTOS DE ORDEN PUBLICO Y DE SEGURIDAD INTERIOR,DELEGACIONES,DELEGACI흁 GUSTAVO A. MADERO,,,,,,,,,,,,,"135,707,181"
ASUNTOS DE ORDEN PUBLICO Y DE SEGURIDAD INTERIOR,DELEGACIONES,DELEGACI흁 IZTACALCO,,,,,,,,,,,,,"36,112,692"
ASUNTOS DE ORDEN PUBLICO Y DE SEGURIDAD INTERIOR,DELEGACIONES,DELEGACI흁 IZTAPALAPA,,,,,,,,,,,,,"127,145,567"
ASUNTOS DE ORDEN PUBLICO Y DE SEGURIDAD INTERIOR,DELEGACIONES,DELEGACI흁 LA MAGDALENA CONTRERAS,,,,,,,,,,,,,"52,440,547"
ASUNTOS DE ORDEN PUBLICO Y DE SEGURIDAD INTERIOR,DELEGACIONES,DELEGACI흁 MIGUEL HIDALGO,,,,,,,,,,,,,"46,640,943"
ASUNTOS DE ORDEN PUBLICO Y DE SEGURIDAD INTERIOR,DELEGACIONES,DELEGACI흁 MILPA ALTA,,,,,,,,,,,,,"326,047"
ASUNTOS DE ORDEN PUBLICO Y DE SEGURIDAD INTERIOR,DELEGACIONES,DELEGACI흁 TL첻UAC,,,,,,,,,,,,,"46,624,178"
ASUNTOS DE ORDEN PUBLICO Y DE SEGURIDAD INTERIOR,DELEGACIONES,DELEGACI흁 TLALPAN,,,,,,,,,,,,,"22,095,838"
ASUNTOS DE ORDEN PUBLICO Y DE SEGURIDAD INTERIOR,DELEGACIONES,DELEGACI흁 VENUSTIANO CARRANZA,,,,,,,,,,,,,"126,984,333"
ASUNTOS DE ORDEN PUBLICO Y DE SEGURIDAD INTERIOR,DELEGACIONES,DELEGACI흁 XOCHIMILCO,,,,,,,,,,,,,"42,400,834"
ASUNTOS DE ORDEN PUBLICO Y DE SEGURIDAD INTERIOR,DEPENDENCIAS,CONSEJER페 JUR펛ICA Y DE SERVICIOS LEGALES,,,,,,,,,,,,,0
ASUNTOS DE ORDEN PUBLICO Y DE SEGURIDAD INTERIOR,DEPENDENCIAS,CONTRALOR페 GENERAL,,,,,,,,,,,,,"29,000"
ASUNTOS DE ORDEN PUBLICO Y DE SEGURIDAD INTERIOR,DEPENDENCIAS,JEFATURA DEL GOBIERNO DEL DISTRITO FEDERAL,,,,,,,,,,,,,0
ASUNTOS DE ORDEN PUBLICO Y DE SEGURIDAD INTERIOR,DEPENDENCIAS,OFICIAL페 MAYOR,,,,,,,,,,,,,0
ASUNTOS DE ORDEN PUBLICO Y DE SEGURIDAD INTERIOR,DEPENDENCIAS,PROCURADUR페 GENERAL DE JUSTICIA DEL DISTRITO FEDERAL,,,,,,,,,,,,,"1,509,494"
ASUNTOS DE ORDEN PUBLICO Y DE SEGURIDAD INTERIOR,DEPENDENCIAS,"SECRETAR페 DE CIENCIA, TECNOLOG페 E INNOVACI흁 DEL DISTRITO FEDERAL",,,,,,,,,,,,,0
ASUNTOS DE ORDEN PUBLICO Y DE SEGURIDAD INTERIOR,DEPENDENCIAS,SECRETAR페 DE CULTURA DEL DISTRITO FEDERAL,,,,,,,,,,,,,0
ASUNTOS DE ORDEN PUBLICO Y DE SEGURIDAD INTERIOR,DEPENDENCIAS,SECRETAR페 DE DESARROLLO ECON흀ICO DEL DISTRITO FEDERAL,,,,,,,,,,,,,"25,827"
ASUNTOS DE ORDEN PUBLICO Y DE SEGURIDAD INTERIOR,DEPENDENCIAS,SECRETAR페 DE DESARROLLO RURAL Y EQUIDAD PARA LAS COMUNIDADES DEL DISTRITO FEDERAL,,,,,,,,,,,,,0
ASUNTOS DE ORDEN PUBLICO Y DE SEGURIDAD INTERIOR,DEPENDENCIAS,SECRETAR페 DE DESARROLLO SOCIAL DEL DISTRITO FEDERAL,,,,,,,,,,,,,0
ASUNTOS DE ORDEN PUBLICO Y DE SEGURIDAD INTERIOR,DEPENDENCIAS,SECRETAR페 DE DESARROLLO URBANO Y VIVIENDA DEL DISTRITO FEDERAL,,,,,,,,,,,,,"5,980"
ASUNTOS DE ORDEN PUBLICO Y DE SEGURIDAD INTERIOR,DEPENDENCIAS,SECRETAR페 DE EDUCACI흁 DEL DISTRITO FEDERAL,,,,,,,,,,,,,"898,431"
ASUNTOS DE ORDEN PUBLICO Y DE SEGURIDAD INTERIOR,DEPENDENCIAS,SECRETAR페 DE FINANZAS DEL DISTRITO FEDERAL,,,,,,,,,,,,,"34,472,454"
ASUNTOS DE ORDEN PUBLICO Y DE SEGURIDAD INTERIOR,DEPENDENCIAS,SECRETAR페 DE GOBIERNO DEL DISTRITO FEDERAL,,,,,,,,,,,,,0
ASUNTOS DE ORDEN PUBLICO Y DE SEGURIDAD INTERIOR,DEPENDENCIAS,SECRETAR페 DE MEDIO AMBIENTE DEL DISTRITO FEDERAL,,,,,,,,,,,,,0
ASUNTOS DE ORDEN PUBLICO Y DE SEGURIDAD INTERIOR,DEPENDENCIAS,SECRETAR페 DE MOVILIDAD DEL DISTRITO FEDERAL,,,,,,,,,,,,,"16,281"
ASUNTOS DE ORDEN PUBLICO Y DE SEGURIDAD INTERIOR,DEPENDENCIAS,SECRETAR페 DE PROTECCI흁 CIVIL DEL DISTRITO FEDERAL,,,,,,,,,,,,,"42,413,454"
ASUNTOS DE ORDEN PUBLICO Y DE SEGURIDAD INTERIOR,DEPENDENCIAS,SECRETAR페 DE SALUD DEL DISTRITO FEDERAL,,,,,,,,,,,,,79
ASUNTOS DE ORDEN PUBLICO Y DE SEGURIDAD INTERIOR,DEPENDENCIAS,SECRETAR페 DE SEGURIDAD P２LICA DEL DISTRITO FEDERAL,,,,,,,,,,,,,"8,053,278,016"
ASUNTOS DE ORDEN PUBLICO Y DE SEGURIDAD INTERIOR,DEPENDENCIAS,SECRETAR페 DE TURISMO DEL DISTRITO FEDERAL,,,,,,,,,,,,,0
ASUNTOS DE ORDEN PUBLICO Y DE SEGURIDAD INTERIOR,DEPENDENCIAS,SECRETAR페 DEL TRABAJO Y FOMENTO AL EMPLEO DEL DISTRITO FEDERAL,,,,,,,,,,,,,0
ASUNTOS DE ORDEN PUBLICO Y DE SEGURIDAD INTERIOR,RGANOS DE GOBIERNO Y AUT흁OMOS,TRIBUNAL SUPERIOR DE JUSTICIA DEL DISTRITO FEDERAL,,,,,,,,,,,,,"3,948,925"
ASUNTOS DE ORDEN PUBLICO Y DE SEGURIDAD INTERIOR,RGANOS DESCONCENTRADOS,AGENCIA DE GESTI흁 URBANA DE LA CIUDAD DE M텢ICO,,,,,,,,,,,,,0
ASUNTOS DE ORDEN PUBLICO Y DE SEGURIDAD INTERIOR,RGANOS DESCONCENTRADOS,AGENCIA DE PROTECCI흁 SANITARIA DEL GOBIERNO DEL DISTRITO FEDERAL,,,,,,,,,,,,,0
ASUNTOS DE ORDEN PUBLICO Y DE SEGURIDAD INTERIOR,RGANOS DESCONCENTRADOS,"AUTORIDAD DE LA ZONA PATRIMONIO MUNDIAL NATURAL Y CULTURAL DE LA HUMANIDAD EN XOCHIMILCO, TL첻UAC Y MILPA ALTA",,,,,,,,,,,,,0
ASUNTOS DE ORDEN PUBLICO Y DE SEGURIDAD INTERIOR,RGANOS DESCONCENTRADOS,AUTORIDAD DEL CENTRO HISTRICO,,,,,,,,,,,,,0
ASUNTOS DE ORDEN PUBLICO Y DE SEGURIDAD INTERIOR,RGANOS DESCONCENTRADOS,AUTORIDAD DEL ESPACIO P２LICO DEL DISTRITO FEDERAL,,,,,,,,,,,,,"4,898"
ASUNTOS DE ORDEN PUBLICO Y DE SEGURIDAD INTERIOR,RGANOS DESCONCENTRADOS,CENTRO DE ATENCI흁 A EMERGENCIAS Y PROTECCI흁 CIUDADANA DE LA  CIUDAD DE M텢ICO,,,,,,,,,,,,,"663,278,876"
ASUNTOS DE ORDEN PUBLICO Y DE SEGURIDAD INTERIOR,RGANOS DESCONCENTRADOS,COORDINACI흁 DE LOS CENTROS DE TRANSFERENCIA MODAL DEL DISTRITO FEDERAL,,,,,,,,,,,,,0
ASUNTOS DE ORDEN PUBLICO Y DE SEGURIDAD INTERIOR,RGANOS DESCONCENTRADOS,INSTITUTO DE FORMACI흁 PROFESIONAL,,,,,,,,,,,,,0
ASUNTOS DE ORDEN PUBLICO Y DE SEGURIDAD INTERIOR,RGANOS DESCONCENTRADOS,INSTITUTO T텎NICO DE FORMACI흁 POLICIAL,,,,,,,,,,,,,"78,917,191"
ASUNTOS DE ORDEN PUBLICO Y DE SEGURIDAD INTERIOR,RGANOS DESCONCENTRADOS,PLANTA DE ASFALTO DEL DISTRITO FEDERAL,,,,,,,,,,,,,0
ASUNTOS DE ORDEN PUBLICO Y DE SEGURIDAD INTERIOR,RGANOS DESCONCENTRADOS,POLIC페 AUXILIAR DEL DISTRITO FEDERAL,,,,,,,,,,,,,"3,297,806,097"
ASUNTOS DE ORDEN PUBLICO Y DE SEGURIDAD INTERIOR,RGANOS DESCONCENTRADOS,POLIC페 BANCARIA E INDUSTRIAL DEL DISTRITO FEDERAL,,,,,,,,,,,,,"1,978,354,752"
ASUNTOS DE ORDEN PUBLICO Y DE SEGURIDAD INTERIOR,RGANOS DESCONCENTRADOS,PROYECTO METRO DEL DISTRITO FEDERAL,,,,,,,,,,,,,473
ASUNTOS DE ORDEN PUBLICO Y DE SEGURIDAD INTERIOR,RGANOS DESCONCENTRADOS,SECRETAR페 EJECUTIVA DEL MECANISMO DE SEGUIMIENTO Y EVALUACI흁 DEL PROGRAMA DE DERECHOS HUMANOS DEL DISTRITO FEDERAL,,,,,,,,,,,,,"19,551"
ASUNTOS DE ORDEN PUBLICO Y DE SEGURIDAD INTERIOR,RGANOS DESCONCENTRADOS,SISTEMA DE AGUAS DE LA CIUDAD DE M텢ICO,,,,,,,,,,,,,"22,968"
ASUNTOS DE ORDEN PUBLICO Y DE SEGURIDAD INTERIOR,RGANOS DESCONCENTRADOS,SISTEMA DE RADIO Y TELEVISI흁 DIGITAL DEL GOBIERNO DEL DISTRITO FEDERAL,,,,,,,,,,,,,"22,202"
ASUNTOS DE ORDEN PUBLICO Y DE SEGURIDAD INTERIOR,SECTOR PARAESTATAL (ENTIDADES / ORGANISMOS),CAJA DE PREVISI흁 DE LA POLIC페 AUXILIAR DEL DISTRITO FEDERAL,,,,,,,,,,,,,"99,180"
ASUNTOS DE ORDEN PUBLICO Y DE SEGURIDAD INTERIOR,SECTOR PARAESTATAL (ENTIDADES / ORGANISMOS),CAJA DE PREVISI흁 DE LA POLIC페 PREVENTIVA DEL DISTRITO FEDERAL,,,,,,,,,,,,,"49,735"
ASUNTOS DE ORDEN PUBLICO Y DE SEGURIDAD INTERIOR,SECTOR PARAESTATAL (ENTIDADES / ORGANISMOS),CAJA DE PREVISI흁 PARA TRABAJADORES A LISTA DE RAYA DEL GOBIERNO DEL DISTRITO FEDERAL,,,,,,,,,,,,,0
ASUNTOS DE ORDEN PUBLICO Y DE SEGURIDAD INTERIOR,SECTOR PARAESTATAL (ENTIDADES / ORGANISMOS),CONSEJO DE EVALUACI흁 DEL DESARROLLO SOCIAL DEL DISTRITO FEDERAL,,,,,,,,,,,,,0
ASUNTOS DE ORDEN PUBLICO Y DE SEGURIDAD INTERIOR,SECTOR PARAESTATAL (ENTIDADES / ORGANISMOS),CONSEJO PARA PREVENIR Y ELIMINAR LA DISCRIMINACI흁 DE LA CIUDAD DE M텢ICO,,,,,,,,,,,,,0
ASUNTOS DE ORDEN PUBLICO Y DE SEGURIDAD INTERIOR,SECTOR PARAESTATAL (ENTIDADES / ORGANISMOS),"CORPORACI흁 MEXICANA DE IMPRESI흁, S.A. DE C.V.",,,,,,,,,,,,,"10,150"
ASUNTOS DE ORDEN PUBLICO Y DE SEGURIDAD INTERIOR,SECTOR PARAESTATAL (ENTIDADES / ORGANISMOS),ESCUELA DE ADMINISTRACI흁 P２LICA DEL DISTRITO FEDERAL,,,,,,,,,,,,,0
ASUNTOS DE ORDEN PUBLICO Y DE SEGURIDAD INTERIOR,SECTOR PARAESTATAL (ENTIDADES / ORGANISMOS),FIDEICOMISO CENTRO HISTRICO DE LA CIUDAD DE M텢ICO,,,,,,,,,,,,,0
ASUNTOS DE ORDEN PUBLICO Y DE SEGURIDAD INTERIOR,SECTOR PARAESTATAL (ENTIDADES / ORGANISMOS),FIDEICOMISO DE RECUPERACI흁 CREDITICIA DEL DISTRITO FEDERAL,,,,,,,,,,,,,0
ASUNTOS DE ORDEN PUBLICO Y DE SEGURIDAD INTERIOR,SECTOR PARAESTATAL (ENTIDADES / ORGANISMOS),FIDEICOMISO DEL FONDO PARA EL DESARROLLO ECON흀ICO Y SOCIAL DE LA CIUDAD DE M텢ICO,,,,,,,,,,,,,128
ASUNTOS DE ORDEN PUBLICO Y DE SEGURIDAD INTERIOR,SECTOR PARAESTATAL (ENTIDADES / ORGANISMOS),FIDEICOMISO EDUCACI흁 GARANTIZADA,,,,,,,,,,,,,0
ASUNTOS DE ORDEN PUBLICO Y DE SEGURIDAD INTERIOR,SECTOR PARAESTATAL (ENTIDADES / ORGANISMOS),FIDEICOMISO MUSEO DE ARTE POPULAR MEXICANO,,,,,,,,,,,,,0
ASUNTOS DE ORDEN PUBLICO Y DE SEGURIDAD INTERIOR,SECTOR PARAESTATAL (ENTIDADES / ORGANISMOS),FIDEICOMISO MUSEO DEL ESTANQUILLO,,,,,,,,,,,,,"18,000"
ASUNTOS DE ORDEN PUBLICO Y DE SEGURIDAD INTERIOR,SECTOR PARAESTATAL (ENTIDADES / ORGANISMOS),FONDO DE DESARROLLO ECON흀ICO DEL DISTRITO FEDERAL,,,,,,,,,,,,,0
ASUNTOS DE ORDEN PUBLICO Y DE SEGURIDAD INTERIOR,SECTOR PARAESTATAL (ENTIDADES / ORGANISMOS),FONDO MIXTO DE PROMOCI흁 TUR펩TICA DEL DISTRITO FEDERAL,,,,,,,,,,,,,0
ASUNTOS DE ORDEN PUBLICO Y DE SEGURIDAD INTERIOR,SECTOR PARAESTATAL (ENTIDADES / ORGANISMOS),FONDO PARA EL DESARROLLO SOCIAL DE LA CIUDAD DE M텢ICO,,,,,,,,,,,,,"16,660"
ASUNTOS DE ORDEN PUBLICO Y DE SEGURIDAD INTERIOR,SECTOR PARAESTATAL (ENTIDADES / ORGANISMOS),HEROICO CUERPO DE BOMBEROS DEL DISTRITO FEDERAL,,,,,,,,,,,,,"410,503,075"
ASUNTOS DE ORDEN PUBLICO Y DE SEGURIDAD INTERIOR,SECTOR PARAESTATAL (ENTIDADES / ORGANISMOS),INSTITUTO DE CAPACITACI흁 PARA EL TRABAJO DE LA CIUDAD DE M텢ICO,,,,,,,,,,,,,0
ASUNTOS DE ORDEN PUBLICO Y DE SEGURIDAD INTERIOR,SECTOR PARAESTATAL (ENTIDADES / ORGANISMOS),INSTITUTO DE EDUCACI흁 MEDIA SUPERIOR DEL DISTRITO FEDERAL,,,,,,,,,,,,,"999,108"
ASUNTOS DE ORDEN PUBLICO Y DE SEGURIDAD INTERIOR,SECTOR PARAESTATAL (ENTIDADES / ORGANISMOS),INSTITUTO DE LA JUVENTUD DEL DISTRITO FEDERAL,,,,,,,,,,,,,"48,046"
ASUNTOS DE ORDEN PUBLICO Y DE SEGURIDAD INTERIOR,SECTOR PARAESTATAL (ENTIDADES / ORGANISMOS),INSTITUTO DE LAS MUJERES DEL DISTRITO FEDERAL,,,,,,,,,,,,,0
ASUNTOS DE ORDEN PUBLICO Y DE SEGURIDAD INTERIOR,SECTOR PARAESTATAL (ENTIDADES / ORGANISMOS),INSTITUTO DE VERIFICACI흁 ADMINISTRATIVA DEL DISTRITO FEDERAL,,,,,,,,,,,,,0
ASUNTOS DE ORDEN PUBLICO Y DE SEGURIDAD INTERIOR,SECTOR PARAESTATAL (ENTIDADES / ORGANISMOS),INSTITUTO DE VIVIENDA DEL DISTRITO FEDERAL,,,,,,,,,,,,,"4,640"
ASUNTOS DE ORDEN PUBLICO Y DE SEGURIDAD INTERIOR,SECTOR PARAESTATAL (ENTIDADES / ORGANISMOS),INSTITUTO DEL DEPORTE DEL DISTRITO FEDERAL,,,,,,,,,,,,,0
ASUNTOS DE ORDEN PUBLICO Y DE SEGURIDAD INTERIOR,SECTOR PARAESTATAL (ENTIDADES / ORGANISMOS),INSTITUTO LOCAL DE LA INFRAESTRUCTURA F펩ICA EDUCATIVA DEL DISTRITO FEDERAL,,,,,,,,,,,,,0
ASUNTOS DE ORDEN PUBLICO Y DE SEGURIDAD INTERIOR,SECTOR PARAESTATAL (ENTIDADES / ORGANISMOS),INSTITUTO PARA LA ATENCI흁 Y PREVENCI흁 DE LAS ADICCIONES DE LA CIUDAD DE M텢ICO,,,,,,,,,,,,,0
ASUNTOS DE ORDEN PUBLICO Y DE SEGURIDAD INTERIOR,SECTOR PARAESTATAL (ENTIDADES / ORGANISMOS),INSTITUTO PARA LA INTEGRACI흁 AL DESARROLLO DE LAS PERSONAS CON DISCAPACIDAD DEL DISTRITO FEDERAL,,,,,,,,,,,,,0
ASUNTOS DE ORDEN PUBLICO Y DE SEGURIDAD INTERIOR,SECTOR PARAESTATAL (ENTIDADES / ORGANISMOS),INSTITUTO PARA LA SEGURIDAD DE LAS CONSTRUCCIONES DEL DISTRITO FEDERAL,,,,,,,,,,,,,"21,173,690"
ASUNTOS DE ORDEN PUBLICO Y DE SEGURIDAD INTERIOR,SECTOR PARAESTATAL (ENTIDADES / ORGANISMOS),METROBＣ,,,,,,,,,,,,,0
ASUNTOS DE ORDEN PUBLICO Y DE SEGURIDAD INTERIOR,SECTOR PARAESTATAL (ENTIDADES / ORGANISMOS),"PROCDMX, S.A. DE C.V.",,,,,,,,,,,,,0
ASUNTOS DE ORDEN PUBLICO Y DE SEGURIDAD INTERIOR,SECTOR PARAESTATAL (ENTIDADES / ORGANISMOS),PROCURADUR페 AMBIENTAL Y DEL ORDENAMIENTO TERRITORIAL DEL DISTRITO FEDERAL,,,,,,,,,,,,,0
ASUNTOS DE ORDEN PUBLICO Y DE SEGURIDAD INTERIOR,SECTOR PARAESTATAL (ENTIDADES / ORGANISMOS),PROCURADUR페 SOCIAL DEL DISTRITO FEDERAL,,,,,,,,,,,,,"2,946,851"
ASUNTOS DE ORDEN PUBLICO Y DE SEGURIDAD INTERIOR,SECTOR PARAESTATAL (ENTIDADES / ORGANISMOS),RED DE TRANSPORTE DE PASAJEROS DEL DISTRITO FEDERAL,,,,,,,,,,,,,0
ASUNTOS DE ORDEN PUBLICO Y DE SEGURIDAD INTERIOR,SECTOR PARAESTATAL (ENTIDADES / ORGANISMOS),SERVICIO DE TRANSPORTES EL텎TRICOS DEL DISTRITO FEDERAL,,,,,,,,,,,,,"160,399"
ASUNTOS DE ORDEN PUBLICO Y DE SEGURIDAD INTERIOR,SECTOR PARAESTATAL (ENTIDADES / ORGANISMOS),SERVICIOS DE SALUD P２LICA DEL DISTRITO FEDERAL,,,,,,,,,,,,,0
ASUNTOS DE ORDEN PUBLICO Y DE SEGURIDAD INTERIOR,SECTOR PARAESTATAL (ENTIDADES / ORGANISMOS),"SERVICIOS METROPOLITANOS, S.A. DE C.V.",,,,,,,,,,,,,44
ASUNTOS DE ORDEN PUBLICO Y DE SEGURIDAD INTERIOR,SECTOR PARAESTATAL (ENTIDADES / ORGANISMOS),SISTEMA DE TRANSPORTE COLECTIVO METRO,,,,,,,,,,,,,0
ASUNTOS DE ORDEN PUBLICO Y DE SEGURIDAD INTERIOR,SECTOR PARAESTATAL (ENTIDADES / ORGANISMOS),SISTEMA PARA EL DESARROLLO INTEGRAL DE LA FAMILIA DEL DISTRITO FEDERAL,,,,,,,,,,,,,"1,393,609"
"ASUNTOS ECON흀ICOS, COMERCIALES Y LABORALES EN GENERAL",DELEGACIONES,DELEGACI흁 첿VARO OBREG흁,,,,,,,,,,,,,"427,094"
"ASUNTOS ECON흀ICOS, COMERCIALES Y LABORALES EN GENERAL",DELEGACIONES,DELEGACI흁 AZCAPOTZALCO,,,,,,,,,,,,,"17,704,510"
"ASUNTOS ECON흀ICOS, COMERCIALES Y LABORALES EN GENERAL",DELEGACIONES,DELEGACI흁 BENITO JUREZ,,,,,,,,,,,,,"1,908,835"
"ASUNTOS ECON흀ICOS, COMERCIALES Y LABORALES EN GENERAL",DELEGACIONES,DELEGACI흁 COYOAC쳁,,,,,,,,,,,,,"25,775,172"
"ASUNTOS ECON흀ICOS, COMERCIALES Y LABORALES EN GENERAL",DELEGACIONES,DELEGACI흁 CUAJIMALPA DE MORELOS,,,,,,,,,,,,,"3,708,325"
"ASUNTOS ECON흀ICOS, COMERCIALES Y LABORALES EN GENERAL",DELEGACIONES,DELEGACI흁 CUAUHT텘OC,,,,,,,,,,,,,"17,037,170"
"ASUNTOS ECON흀ICOS, COMERCIALES Y LABORALES EN GENERAL",DELEGACIONES,DELEGACI흁 GUSTAVO A. MADERO,,,,,,,,,,,,,"103,638"
"ASUNTOS ECON흀ICOS, COMERCIALES Y LABORALES EN GENERAL",DELEGACIONES,DELEGACI흁 IZTACALCO,,,,,,,,,,,,,"2,498,730"
"ASUNTOS ECON흀ICOS, COMERCIALES Y LABORALES EN GENERAL",DELEGACIONES,DELEGACI흁 IZTAPALAPA,,,,,,,,,,,,,"133,336"
"ASUNTOS ECON흀ICOS, COMERCIALES Y LABORALES EN GENERAL",DELEGACIONES,DELEGACI흁 LA MAGDALENA CONTRERAS,,,,,,,,,,,,,"9,752,116"
"ASUNTOS ECON흀ICOS, COMERCIALES Y LABORALES EN GENERAL",DELEGACIONES,DELEGACI흁 MIGUEL HIDALGO,,,,,,,,,,,,,"13,061,112"
"ASUNTOS ECON흀ICOS, COMERCIALES Y LABORALES EN GENERAL",DELEGACIONES,DELEGACI흁 MILPA ALTA,,,,,,,,,,,,,"4,054,435"
"ASUNTOS ECON흀ICOS, COMERCIALES Y LABORALES EN GENERAL",DELEGACIONES,DELEGACI흁 TL첻UAC,,,,,,,,,,,,,"802,176"
"ASUNTOS ECON흀ICOS, COMERCIALES Y LABORALES EN GENERAL",DELEGACIONES,DELEGACI흁 TLALPAN,,,,,,,,,,,,,"135,655,854"
"ASUNTOS ECON흀ICOS, COMERCIALES Y LABORALES EN GENERAL",DELEGACIONES,DELEGACI흁 VENUSTIANO CARRANZA,,,,,,,,,,,,,"24,250,543"
"ASUNTOS ECON흀ICOS, COMERCIALES Y LABORALES EN GENERAL",DELEGACIONES,DELEGACI흁 XOCHIMILCO,,,,,,,,,,,,,"14,306,398"
"ASUNTOS ECON흀ICOS, COMERCIALES Y LABORALES EN GENERAL",DEPENDENCIAS,SECRETAR페 DE DESARROLLO ECON흀ICO DEL DISTRITO FEDERAL,,,,,,,,,,,,,"179,988,576"
"ASUNTOS ECON흀ICOS, COMERCIALES Y LABORALES EN GENERAL",DEPENDENCIAS,SECRETAR페 DE GOBIERNO DEL DISTRITO FEDERAL,,,,,,,,,,,,,"22,142,563"
"ASUNTOS ECON흀ICOS, COMERCIALES Y LABORALES EN GENERAL",DEPENDENCIAS,SECRETAR페 DEL TRABAJO Y FOMENTO AL EMPLEO DEL DISTRITO FEDERAL,,,,,,,,,,,,,"23,266,527"
"ASUNTOS ECON흀ICOS, COMERCIALES Y LABORALES EN GENERAL",SECTOR PARAESTATAL (ENTIDADES / ORGANISMOS),FIDEICOMISO DEL FONDO PARA EL DESARROLLO ECON흀ICO Y SOCIAL DE LA CIUDAD DE M텢ICO,,,,,,,,,,,,,"3,513,834"
"ASUNTOS ECON흀ICOS, COMERCIALES Y LABORALES EN GENERAL",SECTOR PARAESTATAL (ENTIDADES / ORGANISMOS),SISTEMA PARA EL DESARROLLO INTEGRAL DE LA FAMILIA DEL DISTRITO FEDERAL,,,,,,,,,,,,,"241,226"
ASUNTOS FINANCIEROS Y HACENDARIOS,DEPENDENCIAS,SECRETAR페 DE FINANZAS DEL DISTRITO FEDERAL,,,,,,,,,,,,,"2,533,892,010"
ASUNTOS FINANCIEROS Y HACENDARIOS,OTRAS,TESORER페 DEL DISTRITO FEDERAL,,,,,,,,,,,,,"3,488,029,021"
"CIENCIA, TECNOLOG페 E INNOVACI흁",DEPENDENCIAS,"SECRETAR페 DE CIENCIA, TECNOLOG페 E INNOVACI흁 DEL DISTRITO FEDERAL",,,,,,,,,,,,,"54,275,957"
"CIENCIA, TECNOLOG페 E INNOVACI흁",RGANOS DESCONCENTRADOS,AGENCIA DE GESTI흁 URBANA DE LA CIUDAD DE M텢ICO,,,,,,,,,,,,,"8,912,598"
COORDINACI흁 DE LA POL펪ICA DE GOBIERNO,DELEGACIONES,DELEGACI흁 첿VARO OBREG흁,,,,,,,,,,,,,"66,664"
COORDINACI흁 DE LA POL펪ICA DE GOBIERNO,DELEGACIONES,DELEGACI흁 AZCAPOTZALCO,,,,,,,,,,,,,"147,528,978"
COORDINACI흁 DE LA POL펪ICA DE GOBIERNO,DELEGACIONES,DELEGACI흁 BENITO JUREZ,,,,,,,,,,,,,"340,627"
COORDINACI흁 DE LA POL펪ICA DE GOBIERNO,DELEGACIONES,DELEGACI흁 COYOAC쳁,,,,,,,,,,,,,"42,139,431"
COORDINACI흁 DE LA POL펪ICA DE GOBIERNO,DELEGACIONES,DELEGACI흁 CUAJIMALPA DE MORELOS,,,,,,,,,,,,,"52,482,041"
COORDINACI흁 DE LA POL펪ICA DE GOBIERNO,DELEGACIONES,DELEGACI흁 CUAUHT텘OC,,,,,,,,,,,,,"51,488,006"
COORDINACI흁 DE LA POL펪ICA DE GOBIERNO,DELEGACIONES,DELEGACI흁 GUSTAVO A. MADERO,,,,,,,,,,,,,"7,638,320"
COORDINACI흁 DE LA POL펪ICA DE GOBIERNO,DELEGACIONES,DELEGACI흁 IZTAPALAPA,,,,,,,,,,,,,"9,452,638"
COORDINACI흁 DE LA POL펪ICA DE GOBIERNO,DELEGACIONES,DELEGACI흁 MIGUEL HIDALGO,,,,,,,,,,,,,"113,081,648"
COORDINACI흁 DE LA POL펪ICA DE GOBIERNO,DELEGACIONES,DELEGACI흁 MILPA ALTA,,,,,,,,,,,,,"336,180"
COORDINACI흁 DE LA POL펪ICA DE GOBIERNO,DELEGACIONES,DELEGACI흁 TL첻UAC,,,,,,,,,,,,,"2,105,692"
COORDINACI흁 DE LA POL펪ICA DE GOBIERNO,DELEGACIONES,DELEGACI흁 TLALPAN,,,,,,,,,,,,,"8,274,194"
COORDINACI흁 DE LA POL펪ICA DE GOBIERNO,DELEGACIONES,DELEGACI흁 VENUSTIANO CARRANZA,,,,,,,,,,,,,"98,932,407"
COORDINACI흁 DE LA POL펪ICA DE GOBIERNO,DELEGACIONES,DELEGACI흁 XOCHIMILCO,,,,,,,,,,,,,0
COORDINACI흁 DE LA POL펪ICA DE GOBIERNO,DEPENDENCIAS,CONSEJER페 JUR펛ICA Y DE SERVICIOS LEGALES,,,,,,,,,,,,,"406,735,808"
COORDINACI흁 DE LA POL펪ICA DE GOBIERNO,DEPENDENCIAS,CONTRALOR페 GENERAL,,,,,,,,,,,,,"165,709,363"
COORDINACI흁 DE LA POL펪ICA DE GOBIERNO,DEPENDENCIAS,JEFATURA DEL GOBIERNO DEL DISTRITO FEDERAL,,,,,,,,,,,,,"104,183,590"
COORDINACI흁 DE LA POL펪ICA DE GOBIERNO,DEPENDENCIAS,OFICIAL페 MAYOR,,,,,,,,,,,,,"40,374,087"
COORDINACI흁 DE LA POL펪ICA DE GOBIERNO,DEPENDENCIAS,SECRETAR페 DE DESARROLLO URBANO Y VIVIENDA DEL DISTRITO FEDERAL,,,,,,,,,,,,,"17,128,997"
COORDINACI흁 DE LA POL펪ICA DE GOBIERNO,DEPENDENCIAS,SECRETAR페 DE GOBIERNO DEL DISTRITO FEDERAL,,,,,,,,,,,,,"22,068,266"
COORDINACI흁 DE LA POL펪ICA DE GOBIERNO,DEPENDENCIAS,SECRETAR페 DE OBRAS Y SERVICIOS DEL DISTRITO FEDERAL,,,,,,,,,,,,,"6,840,811"
COORDINACI흁 DE LA POL펪ICA DE GOBIERNO,RGANOS DE GOBIERNO Y AUT흁OMOS,INSTITUTO ELECTORAL DEL DISTRITO FEDERAL,,,,,,,,,,,,,"858,456,064"
COORDINACI흁 DE LA POL펪ICA DE GOBIERNO,RGANOS DESCONCENTRADOS,AGENCIA DE GESTI흁 URBANA DE LA CIUDAD DE M텢ICO,,,,,,,,,,,,,"69,079,762"
COORDINACI흁 DE LA POL펪ICA DE GOBIERNO,OTRAS,DEUDA P２LICA DEL DISTRITO FEDERAL,,,,,,,,,,,,,"72,030,890"
COORDINACI흁 DE LA POL펪ICA DE GOBIERNO,SECTOR PARAESTATAL (ENTIDADES / ORGANISMOS),CONSEJO DE EVALUACI흁 DEL DESARROLLO SOCIAL DEL DISTRITO FEDERAL,,,,,,,,,,,,,"6,049,588"
COORDINACI흁 DE LA POL펪ICA DE GOBIERNO,SECTOR PARAESTATAL (ENTIDADES / ORGANISMOS),ESCUELA DE ADMINISTRACI흁 P２LICA DEL DISTRITO FEDERAL,,,,,,,,,,,,,"4,485,907"
COORDINACI흁 DE LA POL펪ICA DE GOBIERNO,SECTOR PARAESTATAL (ENTIDADES / ORGANISMOS),FIDEICOMISO CENTRO HISTRICO DE LA CIUDAD DE M텢ICO,,,,,,,,,,,,,"270,000"
COORDINACI흁 DE LA POL펪ICA DE GOBIERNO,SECTOR PARAESTATAL (ENTIDADES / ORGANISMOS),FONDO DE DESARROLLO ECON흀ICO DEL DISTRITO FEDERAL,,,,,,,,,,,,,"2,213,757"
COORDINACI흁 DE LA POL펪ICA DE GOBIERNO,SECTOR PARAESTATAL (ENTIDADES / ORGANISMOS),INSTITUTO DE VERIFICACI흁 ADMINISTRATIVA DEL DISTRITO FEDERAL,,,,,,,,,,,,,"177,792,354"
EDUCACI흁,DELEGACIONES,DELEGACI흁 첿VARO OBREG흁,,,,,,,,,,,,,"81,803"
EDUCACI흁,DELEGACIONES,DELEGACI흁 AZCAPOTZALCO,,,,,,,,,,,,,"5,358,623"
EDUCACI흁,DELEGACIONES,DELEGACI흁 BENITO JUREZ,,,,,,,,,,,,,"11,177,862"
EDUCACI흁,DELEGACIONES,DELEGACI흁 COYOAC쳁,,,,,,,,,,,,,"24,508,772"
EDUCACI흁,DELEGACIONES,DELEGACI흁 CUAJIMALPA DE MORELOS,,,,,,,,,,,,,"410,226"
EDUCACI흁,DELEGACIONES,DELEGACI흁 CUAUHT텘OC,,,,,,,,,,,,,"7,370,886"
EDUCACI흁,DELEGACIONES,DELEGACI흁 GUSTAVO A. MADERO,,,,,,,,,,,,,"3,189,751"
EDUCACI흁,DELEGACIONES,DELEGACI흁 IZTACALCO,,,,,,,,,,,,,"78,701,694"
EDUCACI흁,DELEGACIONES,DELEGACI흁 IZTAPALAPA,,,,,,,,,,,,,"183,078,041"
EDUCACI흁,DELEGACIONES,DELEGACI흁 LA MAGDALENA CONTRERAS,,,,,,,,,,,,,"19,004,242"
EDUCACI흁,DELEGACIONES,DELEGACI흁 MIGUEL HIDALGO,,,,,,,,,,,,,0
EDUCACI흁,DELEGACIONES,DELEGACI흁 MILPA ALTA,,,,,,,,,,,,,"4,174,027"
EDUCACI흁,DELEGACIONES,DELEGACI흁 TL첻UAC,,,,,,,,,,,,,"3,277,372"
EDUCACI흁,DELEGACIONES,DELEGACI흁 TLALPAN,,,,,,,,,,,,,"40,644,833"
EDUCACI흁,DELEGACIONES,DELEGACI흁 VENUSTIANO CARRANZA,,,,,,,,,,,,,"32,976,534"
EDUCACI흁,DELEGACIONES,DELEGACI흁 XOCHIMILCO,,,,,,,,,,,,,0
EDUCACI흁,DEPENDENCIAS,SECRETAR페 DE CULTURA DEL DISTRITO FEDERAL,,,,,,,,,,,,,"921,528"
EDUCACI흁,DEPENDENCIAS,SECRETAR페 DE DESARROLLO SOCIAL DEL DISTRITO FEDERAL,,,,,,,,,,,,,"425,327,760"
EDUCACI흁,DEPENDENCIAS,SECRETAR페 DE EDUCACI흁 DEL DISTRITO FEDERAL,,,,,,,,,,,,,"362,134,225"
EDUCACI흁,DEPENDENCIAS,SECRETAR페 DE OBRAS Y SERVICIOS DEL DISTRITO FEDERAL,,,,,,,,,,,,,0
EDUCACI흁,RGANOS DE GOBIERNO Y AUT흁OMOS,UNIVERSIDAD AUT흁OMA DE LA CIUDAD DE M텢ICO,,,,,,,,,,,,,"683,154,695"
EDUCACI흁,SECTOR PARAESTATAL (ENTIDADES / ORGANISMOS),ESCUELA DE ADMINISTRACI흁 P２LICA DEL DISTRITO FEDERAL,,,,,,,,,,,,,"6,946,266"
EDUCACI흁,SECTOR PARAESTATAL (ENTIDADES / ORGANISMOS),FIDEICOMISO EDUCACI흁 GARANTIZADA,,,,,,,,,,,,,"991,135,558"
EDUCACI흁,SECTOR PARAESTATAL (ENTIDADES / ORGANISMOS),INSTITUTO DE EDUCACI흁 MEDIA SUPERIOR DEL DISTRITO FEDERAL,,,,,,,,,,,,,"424,531,135"
EDUCACI흁,SECTOR PARAESTATAL (ENTIDADES / ORGANISMOS),INSTITUTO LOCAL DE LA INFRAESTRUCTURA F펩ICA EDUCATIVA DEL DISTRITO FEDERAL,,,,,,,,,,,,,"5,418,880"
EDUCACI흁,SECTOR PARAESTATAL (ENTIDADES / ORGANISMOS),SISTEMA PARA EL DESARROLLO INTEGRAL DE LA FAMILIA DEL DISTRITO FEDERAL,,,,,,,,,,,,,"215,553,776"
JUSTICIA,DELEGACIONES,DELEGACI흁 AZCAPOTZALCO,,,,,,,,,,,,,0
JUSTICIA,DELEGACIONES,DELEGACI흁 BENITO JUREZ,,,,,,,,,,,,,"768,481"
JUSTICIA,DELEGACIONES,DELEGACI흁 COYOAC쳁,,,,,,,,,,,,,"16,439"
JUSTICIA,DELEGACIONES,DELEGACI흁 CUAUHT텘OC,,,,,,,,,,,,,0
JUSTICIA,DELEGACIONES,DELEGACI흁 GUSTAVO A. MADERO,,,,,,,,,,,,,"1,934,510"
JUSTICIA,DELEGACIONES,DELEGACI흁 IZTAPALAPA,,,,,,,,,,,,,"2,303,994"
JUSTICIA,DELEGACIONES,DELEGACI흁 LA MAGDALENA CONTRERAS,,,,,,,,,,,,,"8,630,625"
JUSTICIA,DELEGACIONES,DELEGACI흁 MIGUEL HIDALGO,,,,,,,,,,,,,"300,000"
JUSTICIA,DELEGACIONES,DELEGACI흁 TL첻UAC,,,,,,,,,,,,,"583,119"
JUSTICIA,DELEGACIONES,DELEGACI흁 TLALPAN,,,,,,,,,,,,,"40,944"
JUSTICIA,DEPENDENCIAS,CONSEJER페 JUR펛ICA Y DE SERVICIOS LEGALES,,,,,,,,,,,,,0
JUSTICIA,DEPENDENCIAS,CONTRALOR페 GENERAL,,,,,,,,,,,,,"2,903,409"
JUSTICIA,DEPENDENCIAS,JEFATURA DEL GOBIERNO DEL DISTRITO FEDERAL,,,,,,,,,,,,,0
JUSTICIA,DEPENDENCIAS,OFICIAL페 MAYOR,,,,,,,,,,,,,0
JUSTICIA,DEPENDENCIAS,PROCURADUR페 GENERAL DE JUSTICIA DEL DISTRITO FEDERAL,,,,,,,,,,,,,"3,163,673,668"
JUSTICIA,DEPENDENCIAS,"SECRETAR페 DE CIENCIA, TECNOLOG페 E INNOVACI흁 DEL DISTRITO FEDERAL",,,,,,,,,,,,,0
JUSTICIA,DEPENDENCIAS,SECRETAR페 DE CULTURA DEL DISTRITO FEDERAL,,,,,,,,,,,,,0
JUSTICIA,DEPENDENCIAS,SECRETAR페 DE DESARROLLO ECON흀ICO DEL DISTRITO FEDERAL,,,,,,,,,,,,,"308,785"
JUSTICIA,DEPENDENCIAS,SECRETAR페 DE DESARROLLO RURAL Y EQUIDAD PARA LAS COMUNIDADES DEL DISTRITO FEDERAL,,,,,,,,,,,,,"18,722,506"
JUSTICIA,DEPENDENCIAS,SECRETAR페 DE DESARROLLO SOCIAL DEL DISTRITO FEDERAL,,,,,,,,,,,,,"29,101,858"
JUSTICIA,DEPENDENCIAS,SECRETAR페 DE DESARROLLO URBANO Y VIVIENDA DEL DISTRITO FEDERAL,,,,,,,,,,,,,"10,607"
JUSTICIA,DEPENDENCIAS,SECRETAR페 DE EDUCACI흁 DEL DISTRITO FEDERAL,,,,,,,,,,,,,"41,730,045"
JUSTICIA,DEPENDENCIAS,SECRETAR페 DE FINANZAS DEL DISTRITO FEDERAL,,,,,,,,,,,,,"4,664,913"
JUSTICIA,DEPENDENCIAS,SECRETAR페 DE GOBIERNO DEL DISTRITO FEDERAL,,,,,,,,,,,,,"1,809,377,855"
JUSTICIA,DEPENDENCIAS,SECRETAR페 DE MEDIO AMBIENTE DEL DISTRITO FEDERAL,,,,,,,,,,,,,0
JUSTICIA,DEPENDENCIAS,SECRETAR페 DE MOVILIDAD DEL DISTRITO FEDERAL,,,,,,,,,,,,,0
JUSTICIA,DEPENDENCIAS,SECRETAR페 DE OBRAS Y SERVICIOS DEL DISTRITO FEDERAL,,,,,,,,,,,,,"1,866,464"
JUSTICIA,DEPENDENCIAS,SECRETAR페 DE PROTECCI흁 CIVIL DEL DISTRITO FEDERAL,,,,,,,,,,,,,"2,246,798"
JUSTICIA,DEPENDENCIAS,SECRETAR페 DE SALUD DEL DISTRITO FEDERAL,,,,,,,,,,,,,"1,424,423"
JUSTICIA,DEPENDENCIAS,SECRETAR페 DE SEGURIDAD P２LICA DEL DISTRITO FEDERAL,,,,,,,,,,,,,"20,384,957"
JUSTICIA,DEPENDENCIAS,SECRETAR페 DEL TRABAJO Y FOMENTO AL EMPLEO DEL DISTRITO FEDERAL,,,,,,,,,,,,,"16,674,192"
JUSTICIA,RGANOS DE GOBIERNO Y AUT흁OMOS,COMISI흁 DE DERECHOS HUMANOS DEL DISTRITO FEDERAL,,,,,,,,,,,,,"255,280,104"
JUSTICIA,RGANOS DE GOBIERNO Y AUT흁OMOS,CONSEJO DE LA JUDICATURA DEL DISTRITO FEDERAL,,,,,,,,,,,,,"127,914,496"
JUSTICIA,RGANOS DE GOBIERNO Y AUT흁OMOS,JUNTA LOCAL DE CONCILIACI흁 Y ARBITRAJE DEL DISTRITO FEDERAL,,,,,,,,,,,,,"271,219,191"
JUSTICIA,RGANOS DE GOBIERNO Y AUT흁OMOS,TRIBUNAL DE LO CONTENCIOSO ADMINISTRATIVO DEL DISTRITO FEDERAL,,,,,,,,,,,,,"248,650,217"
JUSTICIA,RGANOS DE GOBIERNO Y AUT흁OMOS,TRIBUNAL ELECTORAL DEL DISTRITO FEDERAL,,,,,,,,,,,,,"201,332,036"
JUSTICIA,RGANOS DE GOBIERNO Y AUT흁OMOS,TRIBUNAL SUPERIOR DE JUSTICIA DEL DISTRITO FEDERAL,,,,,,,,,,,,,"3,524,493,561"
JUSTICIA,RGANOS DESCONCENTRADOS,AGENCIA DE GESTI흁 URBANA DE LA CIUDAD DE M텢ICO,,,,,,,,,,,,,0
JUSTICIA,RGANOS DESCONCENTRADOS,AGENCIA DE PROTECCI흁 SANITARIA DEL GOBIERNO DEL DISTRITO FEDERAL,,,,,,,,,,,,,0
JUSTICIA,RGANOS DESCONCENTRADOS,AUTORIDAD DEL CENTRO HISTRICO,,,,,,,,,,,,,0
JUSTICIA,RGANOS DESCONCENTRADOS,AUTORIDAD DEL ESPACIO P２LICO DEL DISTRITO FEDERAL,,,,,,,,,,,,,"19,027,630"
JUSTICIA,RGANOS DESCONCENTRADOS,CENTRO DE ATENCI흁 A EMERGENCIAS Y PROTECCI흁 CIUDADANA DE LA  CIUDAD DE M텢ICO,,,,,,,,,,,,,0
JUSTICIA,RGANOS DESCONCENTRADOS,INSTITUTO DE FORMACI흁 PROFESIONAL,,,,,,,,,,,,,"20,694,433"
JUSTICIA,RGANOS DESCONCENTRADOS,INSTITUTO T텎NICO DE FORMACI흁 POLICIAL,,,,,,,,,,,,,0
JUSTICIA,RGANOS DESCONCENTRADOS,RGANO REGULADOR DE TRANSPORTE,,,,,,,,,,,,,0
JUSTICIA,RGANOS DESCONCENTRADOS,PLANTA DE ASFALTO DEL DISTRITO FEDERAL,,,,,,,,,,,,,0
JUSTICIA,RGANOS DESCONCENTRADOS,POLIC페 AUXILIAR DEL DISTRITO FEDERAL,,,,,,,,,,,,,"593,820"
JUSTICIA,RGANOS DESCONCENTRADOS,POLIC페 BANCARIA E INDUSTRIAL DEL DISTRITO FEDERAL,,,,,,,,,,,,,"225,931,497"
JUSTICIA,RGANOS DESCONCENTRADOS,PROYECTO METRO DEL DISTRITO FEDERAL,,,,,,,,,,,,,"220,344"
JUSTICIA,RGANOS DESCONCENTRADOS,SECRETAR페 EJECUTIVA DEL MECANISMO DE SEGUIMIENTO Y EVALUACI흁 DEL PROGRAMA DE DERECHOS HUMANOS DEL DISTRITO FEDERAL,,,,,,,,,,,,,"6,444,674"
JUSTICIA,RGANOS DESCONCENTRADOS,SISTEMA DE AGUAS DE LA CIUDAD DE M텢ICO,,,,,,,,,,,,,0
JUSTICIA,RGANOS DESCONCENTRADOS,SISTEMA DE RADIO Y TELEVISI흁 DIGITAL DEL GOBIERNO DEL DISTRITO FEDERAL,,,,,,,,,,,,,"1,000,000"
JUSTICIA,SECTOR PARAESTATAL (ENTIDADES / ORGANISMOS),CAJA DE PREVISI흁 DE LA POLIC페 AUXILIAR DEL DISTRITO FEDERAL,,,,,,,,,,,,,"358,412"
JUSTICIA,SECTOR PARAESTATAL (ENTIDADES / ORGANISMOS),CAJA DE PREVISI흁 DE LA POLIC페 PREVENTIVA DEL DISTRITO FEDERAL,,,,,,,,,,,,,"1,219,172"
JUSTICIA,SECTOR PARAESTATAL (ENTIDADES / ORGANISMOS),CAJA DE PREVISI흁 PARA TRABAJADORES A LISTA DE RAYA DEL GOBIERNO DEL DISTRITO FEDERAL,,,,,,,,,,,,,0
JUSTICIA,SECTOR PARAESTATAL (ENTIDADES / ORGANISMOS),CONSEJO DE EVALUACI흁 DEL DESARROLLO SOCIAL DEL DISTRITO FEDERAL,,,,,,,,,,,,,0
JUSTICIA,SECTOR PARAESTATAL (ENTIDADES / ORGANISMOS),"CORPORACI흁 MEXICANA DE IMPRESI흁, S.A. DE C.V.",,,,,,,,,,,,,203
JUSTICIA,SECTOR PARAESTATAL (ENTIDADES / ORGANISMOS),ESCUELA DE ADMINISTRACI흁 P２LICA DEL DISTRITO FEDERAL,,,,,,,,,,,,,"77,500"
JUSTICIA,SECTOR PARAESTATAL (ENTIDADES / ORGANISMOS),FIDEICOMISO CENTRO HISTRICO DE LA CIUDAD DE M텢ICO,,,,,,,,,,,,,"1,243,379"
JUSTICIA,SECTOR PARAESTATAL (ENTIDADES / ORGANISMOS),FIDEICOMISO DE RECUPERACI흁 CREDITICIA DEL DISTRITO FEDERAL,,,,,,,,,,,,,"59,400"
JUSTICIA,SECTOR PARAESTATAL (ENTIDADES / ORGANISMOS),FIDEICOMISO DEL FONDO PARA EL DESARROLLO ECON흀ICO Y SOCIAL DE LA CIUDAD DE M텢ICO,,,,,,,,,,,,,0
JUSTICIA,SECTOR PARAESTATAL (ENTIDADES / ORGANISMOS),FIDEICOMISO EDUCACI흁 GARANTIZADA,,,,,,,,,,,,,0
JUSTICIA,SECTOR PARAESTATAL (ENTIDADES / ORGANISMOS),FIDEICOMISO FONDO DE APOYO A LA PROCURACI흁 DE JUSTICIA EN EL DISTRITO FEDERAL,,,,,,,,,,,,,"526,841"
JUSTICIA,SECTOR PARAESTATAL (ENTIDADES / ORGANISMOS),FIDEICOMISO MUSEO DEL ESTANQUILLO,,,,,,,,,,,,,"75,600"
JUSTICIA,SECTOR PARAESTATAL (ENTIDADES / ORGANISMOS),FIDEICOMISO PARA LA PROMOCI흁 Y DESARROLLO DEL CINE MEXICANO DEL DISTRITO FEDERAL,,,,,,,,,,,,,0
JUSTICIA,SECTOR PARAESTATAL (ENTIDADES / ORGANISMOS),FONDO DE DESARROLLO ECON흀ICO DEL DISTRITO FEDERAL,,,,,,,,,,,,,"20,159"
JUSTICIA,SECTOR PARAESTATAL (ENTIDADES / ORGANISMOS),FONDO MIXTO DE PROMOCI흁 TUR펩TICA DEL DISTRITO FEDERAL,,,,,,,,,,,,,0
JUSTICIA,SECTOR PARAESTATAL (ENTIDADES / ORGANISMOS),FONDO PARA LA ATENCI흁 Y APOYO A LAS V펚TIMAS DEL DELITO,,,,,,,,,,,,,"965,606"
JUSTICIA,SECTOR PARAESTATAL (ENTIDADES / ORGANISMOS),INSTITUTO DE CAPACITACI흁 PARA EL TRABAJO DE LA CIUDAD DE M텢ICO,,,,,,,,,,,,,0
JUSTICIA,SECTOR PARAESTATAL (ENTIDADES / ORGANISMOS),INSTITUTO DE EDUCACI흁 MEDIA SUPERIOR DEL DISTRITO FEDERAL,,,,,,,,,,,,,"199,278"
JUSTICIA,SECTOR PARAESTATAL (ENTIDADES / ORGANISMOS),INSTITUTO DE LA JUVENTUD DEL DISTRITO FEDERAL,,,,,,,,,,,,,"628,226"
JUSTICIA,SECTOR PARAESTATAL (ENTIDADES / ORGANISMOS),INSTITUTO DE LAS MUJERES DEL DISTRITO FEDERAL,,,,,,,,,,,,,"59,614,577"
JUSTICIA,SECTOR PARAESTATAL (ENTIDADES / ORGANISMOS),INSTITUTO DE VIVIENDA DEL DISTRITO FEDERAL,,,,,,,,,,,,,0
JUSTICIA,SECTOR PARAESTATAL (ENTIDADES / ORGANISMOS),INSTITUTO DEL DEPORTE DEL DISTRITO FEDERAL,,,,,,,,,,,,,"661,311"
JUSTICIA,SECTOR PARAESTATAL (ENTIDADES / ORGANISMOS),INSTITUTO PARA LA ATENCI흁 Y PREVENCI흁 DE LAS ADICCIONES DE LA CIUDAD DE M텢ICO,,,,,,,,,,,,,0
JUSTICIA,SECTOR PARAESTATAL (ENTIDADES / ORGANISMOS),INSTITUTO PARA LA INTEGRACI흁 AL DESARROLLO DE LAS PERSONAS CON DISCAPACIDAD DEL DISTRITO FEDERAL,,,,,,,,,,,,,"5,070"
JUSTICIA,SECTOR PARAESTATAL (ENTIDADES / ORGANISMOS),INSTITUTO PARA LA SEGURIDAD DE LAS CONSTRUCCIONES DEL DISTRITO FEDERAL,,,,,,,,,,,,,0
JUSTICIA,SECTOR PARAESTATAL (ENTIDADES / ORGANISMOS),METROBＣ,,,,,,,,,,,,,0
JUSTICIA,SECTOR PARAESTATAL (ENTIDADES / ORGANISMOS),"PROCDMX, S.A. DE C.V.",,,,,,,,,,,,,"908,766"
JUSTICIA,SECTOR PARAESTATAL (ENTIDADES / ORGANISMOS),PROCURADUR페 AMBIENTAL Y DEL ORDENAMIENTO TERRITORIAL DEL DISTRITO FEDERAL,,,,,,,,,,,,,"27,989,104"
JUSTICIA,SECTOR PARAESTATAL (ENTIDADES / ORGANISMOS),PROCURADUR페 SOCIAL DEL DISTRITO FEDERAL,,,,,,,,,,,,,"45,493,470"
JUSTICIA,SECTOR PARAESTATAL (ENTIDADES / ORGANISMOS),RED DE TRANSPORTE DE PASAJEROS DEL DISTRITO FEDERAL,,,,,,,,,,,,,0
JUSTICIA,SECTOR PARAESTATAL (ENTIDADES / ORGANISMOS),SERVICIO DE TRANSPORTES EL텎TRICOS DEL DISTRITO FEDERAL,,,,,,,,,,,,,"75,000"
JUSTICIA,SECTOR PARAESTATAL (ENTIDADES / ORGANISMOS),"SERVICIOS METROPOLITANOS, S.A. DE C.V.",,,,,,,,,,,,,0
JUSTICIA,SECTOR PARAESTATAL (ENTIDADES / ORGANISMOS),SISTEMA PARA EL DESARROLLO INTEGRAL DE LA FAMILIA DEL DISTRITO FEDERAL,,,,,,,,,,,,,"2,887,135"
LEGISLACI흁,RGANOS DE GOBIERNO Y AUT흁OMOS,ASAMBLEA LEGISLATIVA DEL DISTRITO FEDERAL,,,,,,,,,,,,,"1,192,181,214"
LEGISLACI흁,RGANOS DE GOBIERNO Y AUT흁OMOS,AUDITOR페 SUPERIOR DE LA CIUDAD DE M텢ICO,,,,,,,,,,,,,"395,581,514"
OTRAS INDUSTRIAS Y OTROS ASUNTOS ECON흀ICOS,DELEGACIONES,DELEGACI흁 AZCAPOTZALCO,,,,,,,,,,,,,"1,447,931"
OTRAS INDUSTRIAS Y OTROS ASUNTOS ECON흀ICOS,DELEGACIONES,DELEGACI흁 COYOAC쳁,,,,,,,,,,,,,"2,806,860"
OTRAS INDUSTRIAS Y OTROS ASUNTOS ECON흀ICOS,DELEGACIONES,DELEGACI흁 CUAJIMALPA DE MORELOS,,,,,,,,,,,,,"11,853,030"
OTRAS INDUSTRIAS Y OTROS ASUNTOS ECON흀ICOS,DELEGACIONES,DELEGACI흁 GUSTAVO A. MADERO,,,,,,,,,,,,,"199,431"
OTRAS INDUSTRIAS Y OTROS ASUNTOS ECON흀ICOS,DELEGACIONES,DELEGACI흁 IZTAPALAPA,,,,,,,,,,,,,0
OTRAS INDUSTRIAS Y OTROS ASUNTOS ECON흀ICOS,DELEGACIONES,DELEGACI흁 LA MAGDALENA CONTRERAS,,,,,,,,,,,,,"2,443,445"
OTRAS INDUSTRIAS Y OTROS ASUNTOS ECON흀ICOS,DELEGACIONES,DELEGACI흁 MIGUEL HIDALGO,,,,,,,,,,,,,"908,803"
OTRAS INDUSTRIAS Y OTROS ASUNTOS ECON흀ICOS,DELEGACIONES,DELEGACI흁 MILPA ALTA,,,,,,,,,,,,,0
OTRAS INDUSTRIAS Y OTROS ASUNTOS ECON흀ICOS,DELEGACIONES,DELEGACI흁 TL첻UAC,,,,,,,,,,,,,"1,797,906"
OTRAS INDUSTRIAS Y OTROS ASUNTOS ECON흀ICOS,DELEGACIONES,DELEGACI흁 VENUSTIANO CARRANZA,,,,,,,,,,,,,0
OTRAS INDUSTRIAS Y OTROS ASUNTOS ECON흀ICOS,DELEGACIONES,DELEGACI흁 XOCHIMILCO,,,,,,,,,,,,,0
OTRAS INDUSTRIAS Y OTROS ASUNTOS ECON흀ICOS,DEPENDENCIAS,SECRETAR페 DE DESARROLLO ECON흀ICO DEL DISTRITO FEDERAL,,,,,,,,,,,,,"4,894,164"
OTRAS INDUSTRIAS Y OTROS ASUNTOS ECON흀ICOS,DEPENDENCIAS,SECRETAR페 DE DESARROLLO RURAL Y EQUIDAD PARA LAS COMUNIDADES DEL DISTRITO FEDERAL,,,,,,,,,,,,,"303,520"
OTRAS INDUSTRIAS Y OTROS ASUNTOS ECON흀ICOS,DEPENDENCIAS,SECRETAR페 DE TURISMO DEL DISTRITO FEDERAL,,,,,,,,,,,,,0
OTRAS INDUSTRIAS Y OTROS ASUNTOS ECON흀ICOS,RGANOS DESCONCENTRADOS,PLANTA DE ASFALTO DEL DISTRITO FEDERAL,,,,,,,,,,,,,"118,969,220"
OTRAS INDUSTRIAS Y OTROS ASUNTOS ECON흀ICOS,SECTOR PARAESTATAL (ENTIDADES / ORGANISMOS),"CORPORACI흁 MEXICANA DE IMPRESI흁, S.A. DE C.V.",,,,,,,,,,,,,"376,035,056"
OTRAS INDUSTRIAS Y OTROS ASUNTOS ECON흀ICOS,SECTOR PARAESTATAL (ENTIDADES / ORGANISMOS),FIDEICOMISO MUSEO DE ARTE POPULAR MEXICANO,,,,,,,,,,,,,0
OTRAS INDUSTRIAS Y OTROS ASUNTOS ECON흀ICOS,SECTOR PARAESTATAL (ENTIDADES / ORGANISMOS),FONDO PARA EL DESARROLLO SOCIAL DE LA CIUDAD DE M텢ICO,,,,,,,,,,,,,"111,749,719"
OTRAS INDUSTRIAS Y OTROS ASUNTOS ECON흀ICOS,SECTOR PARAESTATAL (ENTIDADES / ORGANISMOS),"SERVICIOS METROPOLITANOS, S.A. DE C.V.",,,,,,,,,,,,,"18,673,443"
OTROS ASUNTOS SOCIALES,DELEGACIONES,DELEGACI흁 COYOAC쳁,,,,,,,,,,,,,0
OTROS ASUNTOS SOCIALES,DEPENDENCIAS,SECRETAR페 DE DESARROLLO SOCIAL DEL DISTRITO FEDERAL,,,,,,,,,,,,,"458,792,436"
OTROS ASUNTOS SOCIALES,DEPENDENCIAS,SECRETAR페 DE SEGURIDAD P２LICA DEL DISTRITO FEDERAL,,,,,,,,,,,,,"66,142"
OTROS ASUNTOS SOCIALES,DEPENDENCIAS,SECRETAR페 DE TURISMO DEL DISTRITO FEDERAL,,,,,,,,,,,,,"17,162,147"
OTROS ASUNTOS SOCIALES,SECTOR PARAESTATAL (ENTIDADES / ORGANISMOS),CAJA DE PREVISI흁 DE LA POLIC페 AUXILIAR DEL DISTRITO FEDERAL,,,,,,,,,,,,,"2,363,347"
OTROS ASUNTOS SOCIALES,SECTOR PARAESTATAL (ENTIDADES / ORGANISMOS),CAJA DE PREVISI흁 DE LA POLIC페 PREVENTIVA DEL DISTRITO FEDERAL,,,,,,,,,,,,,"2,381,000"
OTROS ASUNTOS SOCIALES,SECTOR PARAESTATAL (ENTIDADES / ORGANISMOS),CAJA DE PREVISI흁 PARA TRABAJADORES A LISTA DE RAYA DEL GOBIERNO DEL DISTRITO FEDERAL,,,,,,,,,,,,,"175,754,982"
OTROS ASUNTOS SOCIALES,SECTOR PARAESTATAL (ENTIDADES / ORGANISMOS),CONSEJO PARA PREVENIR Y ELIMINAR LA DISCRIMINACI흁 DE LA CIUDAD DE M텢ICO,,,,,,,,,,,,,"11,738,798"
OTROS ASUNTOS SOCIALES,SECTOR PARAESTATAL (ENTIDADES / ORGANISMOS),INSTITUTO DE LA JUVENTUD DEL DISTRITO FEDERAL,,,,,,,,,,,,,0
OTROS ASUNTOS SOCIALES,SECTOR PARAESTATAL (ENTIDADES / ORGANISMOS),PROCURADUR페 SOCIAL DEL DISTRITO FEDERAL,,,,,,,,,,,,,"4,980,244"
OTROS SERVICIOS GENERALES,DELEGACIONES,DELEGACI흁 첿VARO OBREG흁,,,,,,,,,,,,,"511,040,816"
OTROS SERVICIOS GENERALES,DELEGACIONES,DELEGACI흁 AZCAPOTZALCO,,,,,,,,,,,,,"85,034,915"
OTROS SERVICIOS GENERALES,DELEGACIONES,DELEGACI흁 BENITO JUREZ,,,,,,,,,,,,,"278,958,665"
OTROS SERVICIOS GENERALES,DELEGACIONES,DELEGACI흁 COYOAC쳁,,,,,,,,,,,,,"191,339,403"
OTROS SERVICIOS GENERALES,DELEGACIONES,DELEGACI흁 CUAJIMALPA DE MORELOS,,,,,,,,,,,,,"74,085,531"
OTROS SERVICIOS GENERALES,DELEGACIONES,DELEGACI흁 CUAUHT텘OC,,,,,,,,,,,,,"177,920,264"
OTROS SERVICIOS GENERALES,DELEGACIONES,DELEGACI흁 GUSTAVO A. MADERO,,,,,,,,,,,,,"695,079,311"
OTROS SERVICIOS GENERALES,DELEGACIONES,DELEGACI흁 IZTACALCO,,,,,,,,,,,,,"300,476,351"
OTROS SERVICIOS GENERALES,DELEGACIONES,DELEGACI흁 IZTAPALAPA,,,,,,,,,,,,,"119,568,509"
OTROS SERVICIOS GENERALES,DELEGACIONES,DELEGACI흁 LA MAGDALENA CONTRERAS,,,,,,,,,,,,,"62,721,226"
OTROS SERVICIOS GENERALES,DELEGACIONES,DELEGACI흁 MIGUEL HIDALGO,,,,,,,,,,,,,"134,925,056"
OTROS SERVICIOS GENERALES,DELEGACIONES,DELEGACI흁 MILPA ALTA,,,,,,,,,,,,,"411,313,195"
OTROS SERVICIOS GENERALES,DELEGACIONES,DELEGACI흁 TL첻UAC,,,,,,,,,,,,,"279,972,609"
OTROS SERVICIOS GENERALES,DELEGACIONES,DELEGACI흁 TLALPAN,,,,,,,,,,,,,"360,490,920"
OTROS SERVICIOS GENERALES,DELEGACIONES,DELEGACI흁 VENUSTIANO CARRANZA,,,,,,,,,,,,,"107,918,760"
OTROS SERVICIOS GENERALES,DELEGACIONES,DELEGACI흁 XOCHIMILCO,,,,,,,,,,,,,"333,641,707"
OTROS SERVICIOS GENERALES,DEPENDENCIAS,CONSEJER페 JUR펛ICA Y DE SERVICIOS LEGALES,,,,,,,,,,,,,"388,094,046"
OTROS SERVICIOS GENERALES,DEPENDENCIAS,CONTRALOR페 GENERAL,,,,,,,,,,,,,"54,344,170"
OTROS SERVICIOS GENERALES,DEPENDENCIAS,OFICIAL페 MAYOR,,,,,,,,,,,,,"598,165,123"
OTROS SERVICIOS GENERALES,DEPENDENCIAS,PROCURADUR페 GENERAL DE JUSTICIA DEL DISTRITO FEDERAL,,,,,,,,,,,,,"65,486,045"
OTROS SERVICIOS GENERALES,DEPENDENCIAS,SECRETAR페 DE DESARROLLO ECON흀ICO DEL DISTRITO FEDERAL,,,,,,,,,,,,,"5,994,854"
OTROS SERVICIOS GENERALES,DEPENDENCIAS,SECRETAR페 DE DESARROLLO URBANO Y VIVIENDA DEL DISTRITO FEDERAL,,,,,,,,,,,,,"24,270,223"
OTROS SERVICIOS GENERALES,DEPENDENCIAS,SECRETAR페 DE FINANZAS DEL DISTRITO FEDERAL,,,,,,,,,,,,,"404,199,694"
OTROS SERVICIOS GENERALES,DEPENDENCIAS,SECRETAR페 DE GOBIERNO DEL DISTRITO FEDERAL,,,,,,,,,,,,,"229,599,237"
OTROS SERVICIOS GENERALES,DEPENDENCIAS,SECRETAR페 DE MOVILIDAD DEL DISTRITO FEDERAL,,,,,,,,,,,,,"399,269,558"
OTROS SERVICIOS GENERALES,DEPENDENCIAS,SECRETAR페 DE OBRAS Y SERVICIOS DEL DISTRITO FEDERAL,,,,,,,,,,,,,"215,412,326"
OTROS SERVICIOS GENERALES,DEPENDENCIAS,SECRETAR페 DE SEGURIDAD P２LICA DEL DISTRITO FEDERAL,,,,,,,,,,,,,"750,428,478"
OTROS SERVICIOS GENERALES,DEPENDENCIAS,SECRETAR페 DEL TRABAJO Y FOMENTO AL EMPLEO DEL DISTRITO FEDERAL,,,,,,,,,,,,,"19,436,240"
OTROS SERVICIOS GENERALES,RGANOS DE GOBIERNO Y AUT흁OMOS,INSTITUTO DE ACCESO A LA INFORMACI흁 P２LICA Y PROTECCI흁 DE DATOS PERSONALES DEL DISTRITO FEDERAL,,,,,,,,,,,,,"85,912,133"
OTROS SERVICIOS GENERALES,RGANOS DESCONCENTRADOS,AUTORIDAD DEL ESPACIO P２LICO DEL DISTRITO FEDERAL,,,,,,,,,,,,,"2,660,185"
OTROS SERVICIOS GENERALES,RGANOS DESCONCENTRADOS,CENTRO DE ATENCI흁 A EMERGENCIAS Y PROTECCI흁 CIUDADANA DE LA  CIUDAD DE M텢ICO,,,,,,,,,,,,,"28,167,984"
OTROS SERVICIOS GENERALES,SECTOR PARAESTATAL (ENTIDADES / ORGANISMOS),CAJA DE PREVISI흁 DE LA POLIC페 PREVENTIVA DEL DISTRITO FEDERAL,,,,,,,,,,,,,"34,428,841"
OTROS SERVICIOS GENERALES,SECTOR PARAESTATAL (ENTIDADES / ORGANISMOS),CAJA DE PREVISI흁 PARA TRABAJADORES A LISTA DE RAYA DEL GOBIERNO DEL DISTRITO FEDERAL,,,,,,,,,,,,,"27,331,958"
OTROS SERVICIOS GENERALES,SECTOR PARAESTATAL (ENTIDADES / ORGANISMOS),ESCUELA DE ADMINISTRACI흁 P２LICA DEL DISTRITO FEDERAL,,,,,,,,,,,,,"10,471,973"
OTROS SERVICIOS GENERALES,SECTOR PARAESTATAL (ENTIDADES / ORGANISMOS),FIDEICOMISO DE RECUPERACI흁 CREDITICIA DEL DISTRITO FEDERAL,,,,,,,,,,,,,"9,799,951"
OTROS SERVICIOS GENERALES,SECTOR PARAESTATAL (ENTIDADES / ORGANISMOS),INSTITUTO DE LA JUVENTUD DEL DISTRITO FEDERAL,,,,,,,,,,,,,"10,764,036"
OTROS SERVICIOS GENERALES,SECTOR PARAESTATAL (ENTIDADES / ORGANISMOS),INSTITUTO DE VERIFICACI흁 ADMINISTRATIVA DEL DISTRITO FEDERAL,,,,,,,,,,,,,"29,134,271"
OTROS SERVICIOS GENERALES,SECTOR PARAESTATAL (ENTIDADES / ORGANISMOS),INSTITUTO PARA LA INTEGRACI흁 AL DESARROLLO DE LAS PERSONAS CON DISCAPACIDAD DEL DISTRITO FEDERAL,,,,,,,,,,,,,"12,532,960"
OTROS SERVICIOS GENERALES,SECTOR PARAESTATAL (ENTIDADES / ORGANISMOS),PROCURADUR페 AMBIENTAL Y DEL ORDENAMIENTO TERRITORIAL DEL DISTRITO FEDERAL,,,,,,,,,,,,,"23,878,761"
OTROS SERVICIOS GENERALES,SECTOR PARAESTATAL (ENTIDADES / ORGANISMOS),RED DE TRANSPORTE DE PASAJEROS DEL DISTRITO FEDERAL,,,,,,,,,,,,,"100,312,011"
OTROS SERVICIOS GENERALES,SECTOR PARAESTATAL (ENTIDADES / ORGANISMOS),SERVICIO DE TRANSPORTES EL텎TRICOS DEL DISTRITO FEDERAL,,,,,,,,,,,,,"225,878,665"
OTROS SERVICIOS GENERALES,SECTOR PARAESTATAL (ENTIDADES / ORGANISMOS),"SERVICIOS METROPOLITANOS, S.A. DE C.V.",,,,,,,,,,,,,"24,280,933"
OTROS SERVICIOS GENERALES,SECTOR PARAESTATAL (ENTIDADES / ORGANISMOS),SISTEMA DE TRANSPORTE COLECTIVO METRO,,,,,,,,,,,,,"1,285,387,887"
OTROS SERVICIOS GENERALES,SECTOR PARAESTATAL (ENTIDADES / ORGANISMOS),SISTEMA PARA EL DESARROLLO INTEGRAL DE LA FAMILIA DEL DISTRITO FEDERAL,,,,,,,,,,,,,"105,234,301"
PROTECCI흁 AMBIENTAL,DELEGACIONES,DELEGACI흁 첿VARO OBREG흁,,,,,,,,,,,,,"71,886,986"
PROTECCI흁 AMBIENTAL,DELEGACIONES,DELEGACI흁 AZCAPOTZALCO,,,,,,,,,,,,,"99,607,247"
PROTECCI흁 AMBIENTAL,DELEGACIONES,DELEGACI흁 BENITO JUREZ,,,,,,,,,,,,,"144,051,578"
PROTECCI흁 AMBIENTAL,DELEGACIONES,DELEGACI흁 COYOAC쳁,,,,,,,,,,,,,"114,264,694"
PROTECCI흁 AMBIENTAL,DELEGACIONES,DELEGACI흁 CUAJIMALPA DE MORELOS,,,,,,,,,,,,,"122,461,031"
PROTECCI흁 AMBIENTAL,DELEGACIONES,DELEGACI흁 CUAUHT텘OC,,,,,,,,,,,,,"473,095,117"
PROTECCI흁 AMBIENTAL,DELEGACIONES,DELEGACI흁 GUSTAVO A. MADERO,,,,,,,,,,,,,"3,699,438"
PROTECCI흁 AMBIENTAL,DELEGACIONES,DELEGACI흁 IZTACALCO,,,,,,,,,,,,,"66,228,961"
PROTECCI흁 AMBIENTAL,DELEGACIONES,DELEGACI흁 IZTAPALAPA,,,,,,,,,,,,,"137,286,319"
PROTECCI흁 AMBIENTAL,DELEGACIONES,DELEGACI흁 LA MAGDALENA CONTRERAS,,,,,,,,,,,,,"66,437,435"
PROTECCI흁 AMBIENTAL,DELEGACIONES,DELEGACI흁 MIGUEL HIDALGO,,,,,,,,,,,,,"175,149,431"
PROTECCI흁 AMBIENTAL,DELEGACIONES,DELEGACI흁 MILPA ALTA,,,,,,,,,,,,,"2,918,002"
PROTECCI흁 AMBIENTAL,DELEGACIONES,DELEGACI흁 TL첻UAC,,,,,,,,,,,,,"78,809,149"
PROTECCI흁 AMBIENTAL,DELEGACIONES,DELEGACI흁 TLALPAN,,,,,,,,,,,,,"84,551,705"
PROTECCI흁 AMBIENTAL,DELEGACIONES,DELEGACI흁 VENUSTIANO CARRANZA,,,,,,,,,,,,,"185,334,800"
PROTECCI흁 AMBIENTAL,DELEGACIONES,DELEGACI흁 XOCHIMILCO,,,,,,,,,,,,,"127,544,134"
PROTECCI흁 AMBIENTAL,DEPENDENCIAS,SECRETAR페 DE MEDIO AMBIENTE DEL DISTRITO FEDERAL,,,,,,,,,,,,,"826,700,518"
PROTECCI흁 AMBIENTAL,DEPENDENCIAS,SECRETAR페 DE OBRAS Y SERVICIOS DEL DISTRITO FEDERAL,,,,,,,,,,,,,"1,188,923,595"
PROTECCI흁 AMBIENTAL,RGANOS DESCONCENTRADOS,"AUTORIDAD DE LA ZONA PATRIMONIO MUNDIAL NATURAL Y CULTURAL DE LA HUMANIDAD EN XOCHIMILCO, TL첻UAC Y MILPA ALTA",,,,,,,,,,,,,"7,748,564"
PROTECCI흁 AMBIENTAL,RGANOS DESCONCENTRADOS,SISTEMA DE AGUAS DE LA CIUDAD DE M텢ICO,,,,,,,,,,,,,"2,245,545,933"
PROTECCI흁 AMBIENTAL,SECTOR PARAESTATAL (ENTIDADES / ORGANISMOS),FONDO AMBIENTAL P２LICO DEL DISTRITO FEDERAL,,,,,,,,,,,,,"150,288,008"
PROTECCI흁 AMBIENTAL,SECTOR PARAESTATAL (ENTIDADES / ORGANISMOS),"SERVICIOS METROPOLITANOS, S.A. DE C.V.",,,,,,,,,,,,,"51,238"
PROTECCI흁 SOCIAL,DELEGACIONES,DELEGACI흁 첿VARO OBREG흁,,,,,,,,,,,,,"21,061,400"
PROTECCI흁 SOCIAL,DELEGACIONES,DELEGACI흁 AZCAPOTZALCO,,,,,,,,,,,,,"29,510,237"
PROTECCI흁 SOCIAL,DELEGACIONES,DELEGACI흁 BENITO JUREZ,,,,,,,,,,,,,"18,601,223"
PROTECCI흁 SOCIAL,DELEGACIONES,DELEGACI흁 COYOAC쳁,,,,,,,,,,,,,"142,259,278"
PROTECCI흁 SOCIAL,DELEGACIONES,DELEGACI흁 CUAJIMALPA DE MORELOS,,,,,,,,,,,,,"33,681,935"
PROTECCI흁 SOCIAL,DELEGACIONES,DELEGACI흁 CUAUHT텘OC,,,,,,,,,,,,,"165,130,507"
PROTECCI흁 SOCIAL,DELEGACIONES,DELEGACI흁 GUSTAVO A. MADERO,,,,,,,,,,,,,"8,930,592"
PROTECCI흁 SOCIAL,DELEGACIONES,DELEGACI흁 IZTACALCO,,,,,,,,,,,,,"45,999,487"
PROTECCI흁 SOCIAL,DELEGACIONES,DELEGACI흁 IZTAPALAPA,,,,,,,,,,,,,"433,068,110"
PROTECCI흁 SOCIAL,DELEGACIONES,DELEGACI흁 LA MAGDALENA CONTRERAS,,,,,,,,,,,,,"82,006,186"
PROTECCI흁 SOCIAL,DELEGACIONES,DELEGACI흁 MIGUEL HIDALGO,,,,,,,,,,,,,"31,857,391"
PROTECCI흁 SOCIAL,DELEGACIONES,DELEGACI흁 MILPA ALTA,,,,,,,,,,,,,"2,600,492"
PROTECCI흁 SOCIAL,DELEGACIONES,DELEGACI흁 TL첻UAC,,,,,,,,,,,,,"45,406,074"
PROTECCI흁 SOCIAL,DELEGACIONES,DELEGACI흁 TLALPAN,,,,,,,,,,,,,"100,941,663"
PROTECCI흁 SOCIAL,DELEGACIONES,DELEGACI흁 VENUSTIANO CARRANZA,,,,,,,,,,,,,"103,503,884"
PROTECCI흁 SOCIAL,DELEGACIONES,DELEGACI흁 XOCHIMILCO,,,,,,,,,,,,,"55,928,341"
PROTECCI흁 SOCIAL,DEPENDENCIAS,OFICIAL페 MAYOR,,,,,,,,,,,,,"19,708,759"
PROTECCI흁 SOCIAL,DEPENDENCIAS,SECRETAR페 DE DESARROLLO RURAL Y EQUIDAD PARA LAS COMUNIDADES DEL DISTRITO FEDERAL,,,,,,,,,,,,,"18,871,386"
PROTECCI흁 SOCIAL,DEPENDENCIAS,SECRETAR페 DE DESARROLLO SOCIAL DEL DISTRITO FEDERAL,,,,,,,,,,,,,"5,652,837,760"
PROTECCI흁 SOCIAL,DEPENDENCIAS,SECRETAR페 DE GOBIERNO DEL DISTRITO FEDERAL,,,,,,,,,,,,,"1,562,905"
PROTECCI흁 SOCIAL,DEPENDENCIAS,SECRETAR페 DEL TRABAJO Y FOMENTO AL EMPLEO DEL DISTRITO FEDERAL,,,,,,,,,,,,,"276,084,500"
PROTECCI흁 SOCIAL,SECTOR PARAESTATAL (ENTIDADES / ORGANISMOS),CAJA DE PREVISI흁 DE LA POLIC페 AUXILIAR DEL DISTRITO FEDERAL,,,,,,,,,,,,,"102,786,894"
PROTECCI흁 SOCIAL,SECTOR PARAESTATAL (ENTIDADES / ORGANISMOS),CAJA DE PREVISI흁 DE LA POLIC페 PREVENTIVA DEL DISTRITO FEDERAL,,,,,,,,,,,,,"1,293,807,731"
PROTECCI흁 SOCIAL,SECTOR PARAESTATAL (ENTIDADES / ORGANISMOS),CAJA DE PREVISI흁 PARA TRABAJADORES A LISTA DE RAYA DEL GOBIERNO DEL DISTRITO FEDERAL,,,,,,,,,,,,,"756,568,677"
PROTECCI흁 SOCIAL,SECTOR PARAESTATAL (ENTIDADES / ORGANISMOS),HEROICO CUERPO DE BOMBEROS DEL DISTRITO FEDERAL,,,,,,,,,,,,,0
PROTECCI흁 SOCIAL,SECTOR PARAESTATAL (ENTIDADES / ORGANISMOS),INSTITUTO DE CAPACITACI흁 PARA EL TRABAJO DE LA CIUDAD DE M텢ICO,,,,,,,,,,,,,"7,753,823"
PROTECCI흁 SOCIAL,SECTOR PARAESTATAL (ENTIDADES / ORGANISMOS),INSTITUTO DE LA JUVENTUD DEL DISTRITO FEDERAL,,,,,,,,,,,,,"43,906,611"
PROTECCI흁 SOCIAL,SECTOR PARAESTATAL (ENTIDADES / ORGANISMOS),SERVICIOS DE SALUD P２LICA DEL DISTRITO FEDERAL,,,,,,,,,,,,,"1,406,419"
PROTECCI흁 SOCIAL,SECTOR PARAESTATAL (ENTIDADES / ORGANISMOS),SISTEMA DE TRANSPORTE COLECTIVO METRO,,,,,,,,,,,,,"16,051,149"
PROTECCI흁 SOCIAL,SECTOR PARAESTATAL (ENTIDADES / ORGANISMOS),SISTEMA PARA EL DESARROLLO INTEGRAL DE LA FAMILIA DEL DISTRITO FEDERAL,,,,,,,,,,,,,"1,124,974,617"
"RECREACI흁, CULTURA Y OTRAS MANIFESTACIONES SOCIALES",DELEGACIONES,DELEGACI흁 첿VARO OBREG흁,,,,,,,,,,,,,"12,350,963"
"RECREACI흁, CULTURA Y OTRAS MANIFESTACIONES SOCIALES",DELEGACIONES,DELEGACI흁 AZCAPOTZALCO,,,,,,,,,,,,,"41,640,802"
"RECREACI흁, CULTURA Y OTRAS MANIFESTACIONES SOCIALES",DELEGACIONES,DELEGACI흁 BENITO JUREZ,,,,,,,,,,,,,"140,366,754"
"RECREACI흁, CULTURA Y OTRAS MANIFESTACIONES SOCIALES",DELEGACIONES,DELEGACI흁 COYOAC쳁,,,,,,,,,,,,,"72,302,936"
"RECREACI흁, CULTURA Y OTRAS MANIFESTACIONES SOCIALES",DELEGACIONES,DELEGACI흁 CUAJIMALPA DE MORELOS,,,,,,,,,,,,,"45,604,737"
"RECREACI흁, CULTURA Y OTRAS MANIFESTACIONES SOCIALES",DELEGACIONES,DELEGACI흁 CUAUHT텘OC,,,,,,,,,,,,,"54,718,026"
"RECREACI흁, CULTURA Y OTRAS MANIFESTACIONES SOCIALES",DELEGACIONES,DELEGACI흁 GUSTAVO A. MADERO,,,,,,,,,,,,,"7,305,138"
"RECREACI흁, CULTURA Y OTRAS MANIFESTACIONES SOCIALES",DELEGACIONES,DELEGACI흁 IZTACALCO,,,,,,,,,,,,,"34,250,906"
"RECREACI흁, CULTURA Y OTRAS MANIFESTACIONES SOCIALES",DELEGACIONES,DELEGACI흁 IZTAPALAPA,,,,,,,,,,,,,"79,807,379"
"RECREACI흁, CULTURA Y OTRAS MANIFESTACIONES SOCIALES",DELEGACIONES,DELEGACI흁 LA MAGDALENA CONTRERAS,,,,,,,,,,,,,"29,613,218"
"RECREACI흁, CULTURA Y OTRAS MANIFESTACIONES SOCIALES",DELEGACIONES,DELEGACI흁 MIGUEL HIDALGO,,,,,,,,,,,,,"42,058,495"
"RECREACI흁, CULTURA Y OTRAS MANIFESTACIONES SOCIALES",DELEGACIONES,DELEGACI흁 MILPA ALTA,,,,,,,,,,,,,"9,886,720"
"RECREACI흁, CULTURA Y OTRAS MANIFESTACIONES SOCIALES",DELEGACIONES,DELEGACI흁 TL첻UAC,,,,,,,,,,,,,"13,671,307"
"RECREACI흁, CULTURA Y OTRAS MANIFESTACIONES SOCIALES",DELEGACIONES,DELEGACI흁 TLALPAN,,,,,,,,,,,,,"15,587,460"
"RECREACI흁, CULTURA Y OTRAS MANIFESTACIONES SOCIALES",DELEGACIONES,DELEGACI흁 VENUSTIANO CARRANZA,,,,,,,,,,,,,"104,404,463"
"RECREACI흁, CULTURA Y OTRAS MANIFESTACIONES SOCIALES",DELEGACIONES,DELEGACI흁 XOCHIMILCO,,,,,,,,,,,,,"56,333,284"
"RECREACI흁, CULTURA Y OTRAS MANIFESTACIONES SOCIALES",DEPENDENCIAS,SECRETAR페 DE CULTURA DEL DISTRITO FEDERAL,,,,,,,,,,,,,"295,058,384"
"RECREACI흁, CULTURA Y OTRAS MANIFESTACIONES SOCIALES",DEPENDENCIAS,SECRETAR페 DE MEDIO AMBIENTE DEL DISTRITO FEDERAL,,,,,,,,,,,,,"25,852,148"
"RECREACI흁, CULTURA Y OTRAS MANIFESTACIONES SOCIALES",DEPENDENCIAS,SECRETAR페 DE OBRAS Y SERVICIOS DEL DISTRITO FEDERAL,,,,,,,,,,,,,"42,928,885"
"RECREACI흁, CULTURA Y OTRAS MANIFESTACIONES SOCIALES",DEPENDENCIAS,SECRETAR페 DE SEGURIDAD P２LICA DEL DISTRITO FEDERAL,,,,,,,,,,,,,823
"RECREACI흁, CULTURA Y OTRAS MANIFESTACIONES SOCIALES",RGANOS DESCONCENTRADOS,"AUTORIDAD DE LA ZONA PATRIMONIO MUNDIAL NATURAL Y CULTURAL DE LA HUMANIDAD EN XOCHIMILCO, TL첻UAC Y MILPA ALTA",,,,,,,,,,,,,"425,207"
"RECREACI흁, CULTURA Y OTRAS MANIFESTACIONES SOCIALES",RGANOS DESCONCENTRADOS,SISTEMA DE RADIO Y TELEVISI흁 DIGITAL DEL GOBIERNO DEL DISTRITO FEDERAL,,,,,,,,,,,,,"78,530,979"
"RECREACI흁, CULTURA Y OTRAS MANIFESTACIONES SOCIALES",SECTOR PARAESTATAL (ENTIDADES / ORGANISMOS),CAJA DE PREVISI흁 DE LA POLIC페 AUXILIAR DEL DISTRITO FEDERAL,,,,,,,,,,,,,"1,261,211"
"RECREACI흁, CULTURA Y OTRAS MANIFESTACIONES SOCIALES",SECTOR PARAESTATAL (ENTIDADES / ORGANISMOS),CAJA DE PREVISI흁 DE LA POLIC페 PREVENTIVA DEL DISTRITO FEDERAL,,,,,,,,,,,,,"3,077,469"
"RECREACI흁, CULTURA Y OTRAS MANIFESTACIONES SOCIALES",SECTOR PARAESTATAL (ENTIDADES / ORGANISMOS),FIDEICOMISO MUSEO DE ARTE POPULAR MEXICANO,,,,,,,,,,,,,"6,139,340"
"RECREACI흁, CULTURA Y OTRAS MANIFESTACIONES SOCIALES",SECTOR PARAESTATAL (ENTIDADES / ORGANISMOS),FIDEICOMISO MUSEO DEL ESTANQUILLO,,,,,,,,,,,,,"6,783,796"
"RECREACI흁, CULTURA Y OTRAS MANIFESTACIONES SOCIALES",SECTOR PARAESTATAL (ENTIDADES / ORGANISMOS),FIDEICOMISO PARA LA PROMOCI흁 Y DESARROLLO DEL CINE MEXICANO DEL DISTRITO FEDERAL,,,,,,,,,,,,,"3,479,603"
"RECREACI흁, CULTURA Y OTRAS MANIFESTACIONES SOCIALES",SECTOR PARAESTATAL (ENTIDADES / ORGANISMOS),INSTITUTO DEL DEPORTE DEL DISTRITO FEDERAL,,,,,,,,,,,,,"46,084,312"
SALUD,DELEGACIONES,DELEGACI흁 첿VARO OBREG흁,,,,,,,,,,,,,"12,759,947"
SALUD,DELEGACIONES,DELEGACI흁 BENITO JUREZ,,,,,,,,,,,,,0
SALUD,DELEGACIONES,DELEGACI흁 COYOAC쳁,,,,,,,,,,,,,"13,371,900"
SALUD,DELEGACIONES,DELEGACI흁 CUAJIMALPA DE MORELOS,,,,,,,,,,,,,"18,265,738"
SALUD,DELEGACIONES,DELEGACI흁 GUSTAVO A. MADERO,,,,,,,,,,,,,"150,003"
SALUD,DELEGACIONES,DELEGACI흁 IZTACALCO,,,,,,,,,,,,,0
SALUD,DELEGACIONES,DELEGACI흁 IZTAPALAPA,,,,,,,,,,,,,"4,077,792"
SALUD,DELEGACIONES,DELEGACI흁 LA MAGDALENA CONTRERAS,,,,,,,,,,,,,"2,309,841"
SALUD,DELEGACIONES,DELEGACI흁 MIGUEL HIDALGO,,,,,,,,,,,,,"17,787,678"
SALUD,DELEGACIONES,DELEGACI흁 MILPA ALTA,,,,,,,,,,,,,"816,144"
SALUD,DELEGACIONES,DELEGACI흁 TL첻UAC,,,,,,,,,,,,,"3,877,488"
SALUD,DELEGACIONES,DELEGACI흁 TLALPAN,,,,,,,,,,,,,"791,841"
SALUD,DELEGACIONES,DELEGACI흁 VENUSTIANO CARRANZA,,,,,,,,,,,,,"43,752,625"
SALUD,DELEGACIONES,DELEGACI흁 XOCHIMILCO,,,,,,,,,,,,,"274,319"
SALUD,DEPENDENCIAS,PROCURADUR페 GENERAL DE JUSTICIA DEL DISTRITO FEDERAL,,,,,,,,,,,,,"21,807,334"
SALUD,DEPENDENCIAS,SECRETAR페 DE DESARROLLO SOCIAL DEL DISTRITO FEDERAL,,,,,,,,,,,,,"35,357,099"
SALUD,DEPENDENCIAS,SECRETAR페 DE OBRAS Y SERVICIOS DEL DISTRITO FEDERAL,,,,,,,,,,,,,"9,697,943"
SALUD,DEPENDENCIAS,SECRETAR페 DE SALUD DEL DISTRITO FEDERAL,,,,,,,,,,,,,"4,321,232,797"
SALUD,RGANOS DESCONCENTRADOS,AGENCIA DE PROTECCI흁 SANITARIA DEL GOBIERNO DEL DISTRITO FEDERAL,,,,,,,,,,,,,"7,618,766"
SALUD,SECTOR PARAESTATAL (ENTIDADES / ORGANISMOS),CAJA DE PREVISI흁 DE LA POLIC페 AUXILIAR DEL DISTRITO FEDERAL,,,,,,,,,,,,,"249,908,959"
SALUD,SECTOR PARAESTATAL (ENTIDADES / ORGANISMOS),CAJA DE PREVISI흁 DE LA POLIC페 PREVENTIVA DEL DISTRITO FEDERAL,,,,,,,,,,,,,"37,659,636"
SALUD,SECTOR PARAESTATAL (ENTIDADES / ORGANISMOS),INSTITUTO PARA LA ATENCI흁 Y PREVENCI흁 DE LAS ADICCIONES DE LA CIUDAD DE M텢ICO,,,,,,,,,,,,,"32,244,848"
SALUD,SECTOR PARAESTATAL (ENTIDADES / ORGANISMOS),R텒IMEN DE PROTECCI흁 SOCIAL EN SALUD DEL DISTRITO FEDERAL,,,,,,,,,,,,,0
SALUD,SECTOR PARAESTATAL (ENTIDADES / ORGANISMOS),SERVICIOS DE SALUD P２LICA DEL DISTRITO FEDERAL,,,,,,,,,,,,,"2,171,933,128"
SALUD,SECTOR PARAESTATAL (ENTIDADES / ORGANISMOS),SISTEMA PARA EL DESARROLLO INTEGRAL DE LA FAMILIA DEL DISTRITO FEDERAL,,,,,,,,,,,,,"185,339"
TRANSACCIONES DE LA DEUDA PUBLICA / COSTO FINANCIERO DE LA DEUDA,OTRAS,DEUDA P２LICA DEL DISTRITO FEDERAL,,,,,,,,,,,,,"5,813,405,841"
TRANSACCIONES DE LA DEUDA PUBLICA / COSTO FINANCIERO DE LA DEUDA,SECTOR PARAESTATAL (ENTIDADES / ORGANISMOS),SISTEMA DE TRANSPORTE COLECTIVO METRO,,,,,,,,,,,,,"313,735,278"
TRANSPORTE,DELEGACIONES,DELEGACI흁 CUAUHT텘OC,,,,,,,,,,,,,"11,281,339"
TRANSPORTE,DELEGACIONES,DELEGACI흁 GUSTAVO A. MADERO,,,,,,,,,,,,,55
TRANSPORTE,DEPENDENCIAS,SECRETAR페 DE MOVILIDAD DEL DISTRITO FEDERAL,,,,,,,,,,,,,"373,598,501"
TRANSPORTE,DEPENDENCIAS,SECRETAR페 DE OBRAS Y SERVICIOS DEL DISTRITO FEDERAL,,,,,,,,,,,,,"2,120,125,750"
TRANSPORTE,RGANOS DESCONCENTRADOS,COORDINACI흁 DE LOS CENTROS DE TRANSFERENCIA MODAL DEL DISTRITO FEDERAL,,,,,,,,,,,,,"24,392,696"
TRANSPORTE,RGANOS DESCONCENTRADOS,RGANO REGULADOR DE TRANSPORTE,,,,,,,,,,,,,0
TRANSPORTE,RGANOS DESCONCENTRADOS,PROYECTO METRO DEL DISTRITO FEDERAL,,,,,,,,,,,,,"39,734,272"
TRANSPORTE,SECTOR PARAESTATAL (ENTIDADES / ORGANISMOS),FIDEICOMISO PARA EL FONDO DE PROMOCI흁 PARA EL FINANCIAMIENTO DEL TRANSPORTE P２LICO,,,,,,,,,,,,,0
TRANSPORTE,SECTOR PARAESTATAL (ENTIDADES / ORGANISMOS),METROBＣ,,,,,,,,,,,,,"148,659,769"
TRANSPORTE,SECTOR PARAESTATAL (ENTIDADES / ORGANISMOS),RED DE TRANSPORTE DE PASAJEROS DEL DISTRITO FEDERAL,,,,,,,,,,,,,"738,346,172"
TRANSPORTE,SECTOR PARAESTATAL (ENTIDADES / ORGANISMOS),SERVICIO DE TRANSPORTES EL텎TRICOS DEL DISTRITO FEDERAL,,,,,,,,,,,,,"316,117,756"
TRANSPORTE,SECTOR PARAESTATAL (ENTIDADES / ORGANISMOS),"SERVICIOS METROPOLITANOS, S.A. DE C.V.",,,,,,,,,,,,,"30,752,867"
TRANSPORTE,SECTOR PARAESTATAL (ENTIDADES / ORGANISMOS),SISTEMA DE TRANSPORTE COLECTIVO METRO,,,,,,,,,,,,,"4,618,182,588"
TURISMO,DELEGACIONES,DELEGACI흁 CUAJIMALPA DE MORELOS,,,,,,,,,,,,,"1,026,398"
TURISMO,DELEGACIONES,DELEGACI흁 CUAUHT텘OC,,,,,,,,,,,,,"5,259,546"
TURISMO,DELEGACIONES,DELEGACI흁 MIGUEL HIDALGO,,,,,,,,,,,,,0
TURISMO,DELEGACIONES,DELEGACI흁 MILPA ALTA,,,,,,,,,,,,,"19,488"
TURISMO,DELEGACIONES,DELEGACI흁 TL첻UAC,,,,,,,,,,,,,"699,488"
TURISMO,DELEGACIONES,DELEGACI흁 TLALPAN,,,,,,,,,,,,,0
TURISMO,DELEGACIONES,DELEGACI흁 XOCHIMILCO,,,,,,,,,,,,,"11,695,485"
TURISMO,DEPENDENCIAS,SECRETAR페 DE DESARROLLO RURAL Y EQUIDAD PARA LAS COMUNIDADES DEL DISTRITO FEDERAL,,,,,,,,,,,,,"1,274,750"
TURISMO,DEPENDENCIAS,SECRETAR페 DE TURISMO DEL DISTRITO FEDERAL,,,,,,,,,,,,,"49,065,888"
TURISMO,SECTOR PARAESTATAL (ENTIDADES / ORGANISMOS),FONDO MIXTO DE PROMOCI흁 TUR펩TICA DEL DISTRITO FEDERAL,,,,,,,,,,,,,"70,491,055"
VIVIENDA Y SERVICIOS A LA COMUNIDAD,DELEGACIONES,DELEGACI흁 첿VARO OBREG흁,,,,,,,,,,,,,"297,855,063"
VIVIENDA Y SERVICIOS A LA COMUNIDAD,DELEGACIONES,DELEGACI흁 AZCAPOTZALCO,,,,,,,,,,,,,"165,799,217"
VIVIENDA Y SERVICIOS A LA COMUNIDAD,DELEGACIONES,DELEGACI흁 BENITO JUREZ,,,,,,,,,,,,,"150,267,685"
VIVIENDA Y SERVICIOS A LA COMUNIDAD,DELEGACIONES,DELEGACI흁 COYOAC쳁,,,,,,,,,,,,,"497,671,192"
VIVIENDA Y SERVICIOS A LA COMUNIDAD,DELEGACIONES,DELEGACI흁 CUAJIMALPA DE MORELOS,,,,,,,,,,,,,"202,949,866"
VIVIENDA Y SERVICIOS A LA COMUNIDAD,DELEGACIONES,DELEGACI흁 CUAUHT텘OC,,,,,,,,,,,,,"374,735,863"
VIVIENDA Y SERVICIOS A LA COMUNIDAD,DELEGACIONES,DELEGACI흁 GUSTAVO A. MADERO,,,,,,,,,,,,,"806,153,718"
VIVIENDA Y SERVICIOS A LA COMUNIDAD,DELEGACIONES,DELEGACI흁 IZTACALCO,,,,,,,,,,,,,"231,433,026"
VIVIENDA Y SERVICIOS A LA COMUNIDAD,DELEGACIONES,DELEGACI흁 IZTAPALAPA,,,,,,,,,,,,,"1,085,529,057"
VIVIENDA Y SERVICIOS A LA COMUNIDAD,DELEGACIONES,DELEGACI흁 LA MAGDALENA CONTRERAS,,,,,,,,,,,,,"156,828,188"
VIVIENDA Y SERVICIOS A LA COMUNIDAD,DELEGACIONES,DELEGACI흁 MIGUEL HIDALGO,,,,,,,,,,,,,"149,932,951"
VIVIENDA Y SERVICIOS A LA COMUNIDAD,DELEGACIONES,DELEGACI흁 MILPA ALTA,,,,,,,,,,,,,"5,582,232"
VIVIENDA Y SERVICIOS A LA COMUNIDAD,DELEGACIONES,DELEGACI흁 TL첻UAC,,,,,,,,,,,,,"124,822,066"
VIVIENDA Y SERVICIOS A LA COMUNIDAD,DELEGACIONES,DELEGACI흁 TLALPAN,,,,,,,,,,,,,"79,974,350"
VIVIENDA Y SERVICIOS A LA COMUNIDAD,DELEGACIONES,DELEGACI흁 VENUSTIANO CARRANZA,,,,,,,,,,,,,"321,388,753"
VIVIENDA Y SERVICIOS A LA COMUNIDAD,DELEGACIONES,DELEGACI흁 XOCHIMILCO,,,,,,,,,,,,,"92,035,074"
VIVIENDA Y SERVICIOS A LA COMUNIDAD,DEPENDENCIAS,SECRETAR페 DE DESARROLLO SOCIAL DEL DISTRITO FEDERAL,,,,,,,,,,,,,0
VIVIENDA Y SERVICIOS A LA COMUNIDAD,DEPENDENCIAS,SECRETAR페 DE DESARROLLO URBANO Y VIVIENDA DEL DISTRITO FEDERAL,,,,,,,,,,,,,"91,883,563"
VIVIENDA Y SERVICIOS A LA COMUNIDAD,DEPENDENCIAS,SECRETAR페 DE FINANZAS DEL DISTRITO FEDERAL,,,,,,,,,,,,,0
VIVIENDA Y SERVICIOS A LA COMUNIDAD,DEPENDENCIAS,SECRETAR페 DE OBRAS Y SERVICIOS DEL DISTRITO FEDERAL,,,,,,,,,,,,,"1,212,183,517"
VIVIENDA Y SERVICIOS A LA COMUNIDAD,DEPENDENCIAS,SECRETAR페 DE SALUD DEL DISTRITO FEDERAL,,,,,,,,,,,,,"8,330,913"
VIVIENDA Y SERVICIOS A LA COMUNIDAD,DEPENDENCIAS,SECRETAR페 DE SEGURIDAD P２LICA DEL DISTRITO FEDERAL,,,,,,,,,,,,,0
VIVIENDA Y SERVICIOS A LA COMUNIDAD,RGANOS DESCONCENTRADOS,AUTORIDAD DEL CENTRO HISTRICO,,,,,,,,,,,,,"59,678,882"
VIVIENDA Y SERVICIOS A LA COMUNIDAD,RGANOS DESCONCENTRADOS,AUTORIDAD DEL ESPACIO P２LICO DEL DISTRITO FEDERAL,,,,,,,,,,,,,"32,586,118"
VIVIENDA Y SERVICIOS A LA COMUNIDAD,RGANOS DESCONCENTRADOS,SISTEMA DE AGUAS DE LA CIUDAD DE M텢ICO,,,,,,,,,,,,,"3,137,862,340"
VIVIENDA Y SERVICIOS A LA COMUNIDAD,SECTOR PARAESTATAL (ENTIDADES / ORGANISMOS),CAJA DE PREVISI흁 DE LA POLIC페 PREVENTIVA DEL DISTRITO FEDERAL,,,,,,,,,,,,,0
VIVIENDA Y SERVICIOS A LA COMUNIDAD,SECTOR PARAESTATAL (ENTIDADES / ORGANISMOS),CAJA DE PREVISI흁 PARA TRABAJADORES A LISTA DE RAYA DEL GOBIERNO DEL DISTRITO FEDERAL,,,,,,,,,,,,,"29,870,744"
VIVIENDA Y SERVICIOS A LA COMUNIDAD,SECTOR PARAESTATAL (ENTIDADES / ORGANISMOS),FIDEICOMISO CENTRO HISTRICO DE LA CIUDAD DE M텢ICO,,,,,,,,,,,,,"45,463,765"
VIVIENDA Y SERVICIOS A LA COMUNIDAD,SECTOR PARAESTATAL (ENTIDADES / ORGANISMOS),FIDEICOMISO DE RECUPERACI흁 CREDITICIA DEL DISTRITO FEDERAL,,,,,,,,,,,,,"25,863,339"
VIVIENDA Y SERVICIOS A LA COMUNIDAD,SECTOR PARAESTATAL (ENTIDADES / ORGANISMOS),INSTITUTO DE VIVIENDA DEL DISTRITO FEDERAL,,,,,,,,,,,,,"1,428,225,102"
VIVIENDA Y SERVICIOS A LA COMUNIDAD,SECTOR PARAESTATAL (ENTIDADES / ORGANISMOS),"PROCDMX, S.A. DE C.V.",,,,,,,,,,,,,"7,910,702"
VIVIENDA Y SERVICIOS A LA COMUNIDAD,SECTOR PARAESTATAL (ENTIDADES / ORGANISMOS),PROCURADUR페 SOCIAL DEL DISTRITO FEDERAL,,,,,,,,,,,,,"14,095,644"
VIVIENDA Y SERVICIOS A LA COMUNIDAD,SECTOR PARAESTATAL (ENTIDADES / ORGANISMOS),SERVICIOS DE SALUD P２LICA DEL DISTRITO FEDERAL,,,,,,,,,,,,,"14,922,834"
VIVIENDA Y SERVICIOS A LA COMUNIDAD,SECTOR PARAESTATAL (ENTIDADES / ORGANISMOS),"SERVICIOS METROPOLITANOS, S.A. DE C.V.",,,,,,,,,,,,,"1,769,500"
VIVIENDA Y SERVICIOS A LA COMUNIDAD,SECTOR PARAESTATAL (ENTIDADES / ORGANISMOS),SISTEMA PARA EL DESARROLLO INTEGRAL DE LA FAMILIA DEL DISTRITO FEDERAL,,,,,,,,,,,,,"515,809"
