FUNCIÓN_DENOMINACIÓN,TIPO_URG,CENTRO_GESTOR,MES_1,MES_2,MES_3,MES_4,MES_5,MES_6,MES_7,MES_8,MES_9,MES_10,MES_11,MES_12
"AGROPECUARIA, SILVICULTURA, PESCA Y CAZA",DELEGACIONES,DELEGACIÓN ÁLVARO OBREGÓN,0,0,0,0,0,0,0,0,0,0,0,0
"AGROPECUARIA, SILVICULTURA, PESCA Y CAZA",DELEGACIONES,DELEGACIÓN CUAJIMALPA DE MORELOS,"3,253","7,062","12,781","16,455","20,119","23,817","27,523","31,205",0,0,0,0
"AGROPECUARIA, SILVICULTURA, PESCA Y CAZA",DELEGACIONES,DELEGACIÓN LA MAGDALENA CONTRERAS,"435,214","487,178","730,044","1,711,326","2,031,218","2,165,007","2,323,955","3,423,611",0,0,0,0
"AGROPECUARIA, SILVICULTURA, PESCA Y CAZA",DELEGACIONES,DELEGACIÓN MIGUEL HIDALGO,0,0,0,0,0,0,0,0,0,0,0,0
"AGROPECUARIA, SILVICULTURA, PESCA Y CAZA",DELEGACIONES,DELEGACIÓN MILPA ALTA,0,0,333,"23,811,533","23,816,398","23,816,398","43,324,438","50,308,258",0,0,0,0
"AGROPECUARIA, SILVICULTURA, PESCA Y CAZA",DELEGACIONES,DELEGACIÓN TLÁHUAC,0,"63,175","604,388","1,170,781","1,433,509","1,868,504","2,131,297","2,444,008",0,0,0,0
"AGROPECUARIA, SILVICULTURA, PESCA Y CAZA",DELEGACIONES,DELEGACIÓN TLALPAN,"107,260","221,496","386,797","483,673","681,429","1,665,729","3,810,543","3,934,674",0,0,0,0
"AGROPECUARIA, SILVICULTURA, PESCA Y CAZA",DELEGACIONES,DELEGACIÓN XOCHIMILCO,0,0,0,0,0,"563,049","666,066","666,066",0,0,0,0
"AGROPECUARIA, SILVICULTURA, PESCA Y CAZA",DEPENDENCIAS,SECRETARÍA DE DESARROLLO RURAL Y EQUIDAD PARA LAS COMUNIDADES DEL DISTRITO FEDERAL,"2,477,001","8,972,918","13,404,336","19,168,212","38,397,703","47,581,145","56,324,140","64,414,032",0,0,0,0
"AGROPECUARIA, SILVICULTURA, PESCA Y CAZA",DEPENDENCIAS,SECRETARÍA DE GOBIERNO DEL DISTRITO FEDERAL,"795,665","1,488,655","2,223,356","3,484,341","4,541,432","5,997,185","6,819,137","7,834,447",0,0,0,0
ASUNTOS DE ORDEN PUBLICO Y DE SEGURIDAD INTERIOR,DELEGACIONES,DELEGACIÓN ÁLVARO OBREGÓN,0,0,"19,802,749","29,630,444","39,204,315","39,204,315","49,032,010","66,493,576",0,0,0,0
ASUNTOS DE ORDEN PUBLICO Y DE SEGURIDAD INTERIOR,DELEGACIONES,DELEGACIÓN AZCAPOTZALCO,"6,440,498","21,125,478","32,287,360","48,707,034","68,160,886","77,453,335","91,358,271","107,008,746",0,0,0,0
ASUNTOS DE ORDEN PUBLICO Y DE SEGURIDAD INTERIOR,DELEGACIONES,DELEGACIÓN BENITO JUÁREZ,"358,894","4,713,564","6,709,000","10,845,237","13,547,046","18,050,559","20,396,974","24,643,896",0,0,0,0
ASUNTOS DE ORDEN PUBLICO Y DE SEGURIDAD INTERIOR,DELEGACIONES,DELEGACIÓN COYOACÁN,"5,600,162","10,443,344","15,075,236","19,566,705","28,792,650","33,881,185","38,985,397","43,612,801",0,0,0,0
ASUNTOS DE ORDEN PUBLICO Y DE SEGURIDAD INTERIOR,DELEGACIONES,DELEGACIÓN CUAJIMALPA DE MORELOS,"307,135","525,160","1,008,562","5,841,808","8,708,403","10,741,385","11,510,366","14,762,573",0,0,0,0
ASUNTOS DE ORDEN PUBLICO Y DE SEGURIDAD INTERIOR,DELEGACIONES,DELEGACIÓN CUAUHTÉMOC,"439,969","3,608,760","6,698,182","9,205,537","38,272,849","46,898,922","55,389,439","65,475,298",0,0,0,0
ASUNTOS DE ORDEN PUBLICO Y DE SEGURIDAD INTERIOR,DELEGACIONES,DELEGACIÓN GUSTAVO A. MADERO,0,"20,493,876","31,987,206","56,628,065","84,303,640","117,098,032","128,789,438","135,707,181",0,0,0,0
ASUNTOS DE ORDEN PUBLICO Y DE SEGURIDAD INTERIOR,DELEGACIONES,DELEGACIÓN IZTACALCO,0,0,0,0,0,0,0,"36,112,692",0,0,0,0
ASUNTOS DE ORDEN PUBLICO Y DE SEGURIDAD INTERIOR,DELEGACIONES,DELEGACIÓN IZTAPALAPA,"2,102,452","3,120,129","5,803,534","38,113,476","77,674,801","86,865,422","122,544,641","127,145,567",0,0,0,0
ASUNTOS DE ORDEN PUBLICO Y DE SEGURIDAD INTERIOR,DELEGACIONES,DELEGACIÓN LA MAGDALENA CONTRERAS,"2,840,459","3,978,987","15,425,151","21,624,720","30,240,304","36,743,866","44,911,995","52,440,547",0,0,0,0
ASUNTOS DE ORDEN PUBLICO Y DE SEGURIDAD INTERIOR,DELEGACIONES,DELEGACIÓN MIGUEL HIDALGO,"2,525,719","5,365,943","7,466,289","21,626,858","28,086,609","32,470,611","35,425,184","46,640,943",0,0,0,0
ASUNTOS DE ORDEN PUBLICO Y DE SEGURIDAD INTERIOR,DELEGACIONES,DELEGACIÓN MILPA ALTA,0,0,0,0,"101,500","135,807","159,558","326,047",0,0,0,0
ASUNTOS DE ORDEN PUBLICO Y DE SEGURIDAD INTERIOR,DELEGACIONES,DELEGACIÓN TLÁHUAC,"1,509,732","10,956,338","17,807,176","22,504,263","29,082,896","34,932,175","40,747,711","46,624,178",0,0,0,0
ASUNTOS DE ORDEN PUBLICO Y DE SEGURIDAD INTERIOR,DELEGACIONES,DELEGACIÓN TLALPAN,"249,042","514,279","6,598,481","10,173,147","10,875,704","14,676,645","18,371,965","22,095,838",0,0,0,0
ASUNTOS DE ORDEN PUBLICO Y DE SEGURIDAD INTERIOR,DELEGACIONES,DELEGACIÓN VENUSTIANO CARRANZA,"5,645,007","13,117,567","30,874,419","53,452,705","78,546,765","88,411,538","115,214,605","126,984,333",0,0,0,0
ASUNTOS DE ORDEN PUBLICO Y DE SEGURIDAD INTERIOR,DELEGACIONES,DELEGACIÓN XOCHIMILCO,"1,138,573","2,029,692","12,641,829","13,794,271","24,545,894","30,871,865","36,428,258","42,400,834",0,0,0,0
ASUNTOS DE ORDEN PUBLICO Y DE SEGURIDAD INTERIOR,DEPENDENCIAS,CONSEJERÍA JURÍDICA Y DE SERVICIOS LEGALES,0,0,0,0,0,0,0,0,0,0,0,0
ASUNTOS DE ORDEN PUBLICO Y DE SEGURIDAD INTERIOR,DEPENDENCIAS,CONTRALORÍA GENERAL,0,0,0,0,0,0,"29,000","29,000",0,0,0,0
ASUNTOS DE ORDEN PUBLICO Y DE SEGURIDAD INTERIOR,DEPENDENCIAS,JEFATURA DEL GOBIERNO DEL DISTRITO FEDERAL,0,0,0,0,0,0,0,0,0,0,0,0
ASUNTOS DE ORDEN PUBLICO Y DE SEGURIDAD INTERIOR,DEPENDENCIAS,OFICIALÍA MAYOR,0,0,0,0,0,0,0,0,0,0,0,0
ASUNTOS DE ORDEN PUBLICO Y DE SEGURIDAD INTERIOR,DEPENDENCIAS,PROCURADURÍA GENERAL DE JUSTICIA DEL DISTRITO FEDERAL,"160,059","327,754","434,471","659,438","911,848","1,128,553","1,318,488","1,509,494",0,0,0,0
ASUNTOS DE ORDEN PUBLICO Y DE SEGURIDAD INTERIOR,DEPENDENCIAS,"SECRETARÍA DE CIENCIA, TECNOLOGÍA E INNOVACIÓN DEL DISTRITO FEDERAL",0,0,0,0,0,0,0,0,0,0,0,0
ASUNTOS DE ORDEN PUBLICO Y DE SEGURIDAD INTERIOR,DEPENDENCIAS,SECRETARÍA DE CULTURA DEL DISTRITO FEDERAL,0,0,0,0,0,0,0,0,0,0,0,0
ASUNTOS DE ORDEN PUBLICO Y DE SEGURIDAD INTERIOR,DEPENDENCIAS,SECRETARÍA DE DESARROLLO ECONÓMICO DEL DISTRITO FEDERAL,0,0,0,0,"12,455","12,455","24,455","25,827",0,0,0,0
ASUNTOS DE ORDEN PUBLICO Y DE SEGURIDAD INTERIOR,DEPENDENCIAS,SECRETARÍA DE DESARROLLO RURAL Y EQUIDAD PARA LAS COMUNIDADES DEL DISTRITO FEDERAL,0,0,0,0,0,0,0,0,0,0,0,0
ASUNTOS DE ORDEN PUBLICO Y DE SEGURIDAD INTERIOR,DEPENDENCIAS,SECRETARÍA DE DESARROLLO SOCIAL DEL DISTRITO FEDERAL,0,0,0,0,0,0,0,0,0,0,0,0
ASUNTOS DE ORDEN PUBLICO Y DE SEGURIDAD INTERIOR,DEPENDENCIAS,SECRETARÍA DE DESARROLLO URBANO Y VIVIENDA DEL DISTRITO FEDERAL,0,0,0,"1,160","1,508","1,850","3,103","5,980",0,0,0,0
ASUNTOS DE ORDEN PUBLICO Y DE SEGURIDAD INTERIOR,DEPENDENCIAS,SECRETARÍA DE EDUCACIÓN DEL DISTRITO FEDERAL,"13,981","62,787","305,252","323,978","560,283","664,620","704,144","898,431",0,0,0,0
ASUNTOS DE ORDEN PUBLICO Y DE SEGURIDAD INTERIOR,DEPENDENCIAS,SECRETARÍA DE FINANZAS DEL DISTRITO FEDERAL,"2,296,896","5,170,588","9,616,952","14,440,214","19,406,097","25,801,484","30,433,466","34,472,454",0,0,0,0
ASUNTOS DE ORDEN PUBLICO Y DE SEGURIDAD INTERIOR,DEPENDENCIAS,SECRETARÍA DE GOBIERNO DEL DISTRITO FEDERAL,0,0,0,0,0,0,0,0,0,0,0,0
ASUNTOS DE ORDEN PUBLICO Y DE SEGURIDAD INTERIOR,DEPENDENCIAS,SECRETARÍA DE MEDIO AMBIENTE DEL DISTRITO FEDERAL,0,0,0,0,0,0,0,0,0,0,0,0
ASUNTOS DE ORDEN PUBLICO Y DE SEGURIDAD INTERIOR,DEPENDENCIAS,SECRETARÍA DE MOVILIDAD DEL DISTRITO FEDERAL,0,0,0,0,"16,281","16,281","16,281","16,281",0,0,0,0
ASUNTOS DE ORDEN PUBLICO Y DE SEGURIDAD INTERIOR,DEPENDENCIAS,SECRETARÍA DE PROTECCIÓN CIVIL DEL DISTRITO FEDERAL,"2,906,223","9,060,547","13,620,152","18,437,291","23,878,458","29,315,599","36,772,262","42,413,454",0,0,0,0
ASUNTOS DE ORDEN PUBLICO Y DE SEGURIDAD INTERIOR,DEPENDENCIAS,SECRETARÍA DE SALUD DEL DISTRITO FEDERAL,0,0,0,0,79,79,79,79,0,0,0,0
ASUNTOS DE ORDEN PUBLICO Y DE SEGURIDAD INTERIOR,DEPENDENCIAS,SECRETARÍA DE SEGURIDAD PÚBLICA DEL DISTRITO FEDERAL,"654,799,151","1,472,384,641","2,436,472,762","3,537,570,019","4,709,766,705","5,759,236,581","6,906,731,214","8,053,278,016",0,0,0,0
ASUNTOS DE ORDEN PUBLICO Y DE SEGURIDAD INTERIOR,DEPENDENCIAS,SECRETARÍA DE TURISMO DEL DISTRITO FEDERAL,0,0,0,0,0,0,0,0,0,0,0,0
ASUNTOS DE ORDEN PUBLICO Y DE SEGURIDAD INTERIOR,DEPENDENCIAS,SECRETARÍA DEL TRABAJO Y FOMENTO AL EMPLEO DEL DISTRITO FEDERAL,0,0,0,0,0,0,0,0,0,0,0,0
ASUNTOS DE ORDEN PUBLICO Y DE SEGURIDAD INTERIOR,ÓRGANOS DE GOBIERNO Y AUTÓNOMOS,TRIBUNAL SUPERIOR DE JUSTICIA DEL DISTRITO FEDERAL,0,0,0,0,0,"3,702,904","3,702,904","3,948,925",0,0,0,0
ASUNTOS DE ORDEN PUBLICO Y DE SEGURIDAD INTERIOR,ÓRGANOS DESCONCENTRADOS,AGENCIA DE GESTIÓN URBANA DE LA CIUDAD DE MÉXICO,0,0,0,0,0,0,0,0,0,0,0,0
ASUNTOS DE ORDEN PUBLICO Y DE SEGURIDAD INTERIOR,ÓRGANOS DESCONCENTRADOS,AGENCIA DE PROTECCIÓN SANITARIA DEL GOBIERNO DEL DISTRITO FEDERAL,0,0,0,0,0,0,0,0,0,0,0,0
ASUNTOS DE ORDEN PUBLICO Y DE SEGURIDAD INTERIOR,ÓRGANOS DESCONCENTRADOS,"AUTORIDAD DE LA ZONA PATRIMONIO MUNDIAL NATURAL Y CULTURAL DE LA HUMANIDAD EN XOCHIMILCO, TLÁHUAC Y MILPA ALTA",0,0,0,0,0,0,0,0,0,0,0,0
ASUNTOS DE ORDEN PUBLICO Y DE SEGURIDAD INTERIOR,ÓRGANOS DESCONCENTRADOS,AUTORIDAD DEL CENTRO HISTÓRICO,0,0,0,0,0,0,0,0,0,0,0,0
ASUNTOS DE ORDEN PUBLICO Y DE SEGURIDAD INTERIOR,ÓRGANOS DESCONCENTRADOS,AUTORIDAD DEL ESPACIO PÚBLICO DEL DISTRITO FEDERAL,0,0,0,0,0,0,"4,898","4,898",0,0,0,0
ASUNTOS DE ORDEN PUBLICO Y DE SEGURIDAD INTERIOR,ÓRGANOS DESCONCENTRADOS,CENTRO DE ATENCIÓN A EMERGENCIAS Y PROTECCIÓN CIUDADANA DE LA  CIUDAD DE MÉXICO,"5,091,542","13,977,249","24,391,814","32,897,288","39,358,982","152,469,360","457,642,932","663,278,876",0,0,0,0
ASUNTOS DE ORDEN PUBLICO Y DE SEGURIDAD INTERIOR,ÓRGANOS DESCONCENTRADOS,COORDINACIÓN DE LOS CENTROS DE TRANSFERENCIA MODAL DEL DISTRITO FEDERAL,0,0,0,0,0,0,0,0,0,0,0,0
ASUNTOS DE ORDEN PUBLICO Y DE SEGURIDAD INTERIOR,ÓRGANOS DESCONCENTRADOS,INSTITUTO DE FORMACIÓN PROFESIONAL,0,0,0,0,0,0,0,0,0,0,0,0
ASUNTOS DE ORDEN PUBLICO Y DE SEGURIDAD INTERIOR,ÓRGANOS DESCONCENTRADOS,INSTITUTO TÉCNICO DE FORMACIÓN POLICIAL,"7,011,379","16,743,740","27,380,753","36,959,874","48,060,307","58,158,643","69,342,705","78,917,191",0,0,0,0
ASUNTOS DE ORDEN PUBLICO Y DE SEGURIDAD INTERIOR,ÓRGANOS DESCONCENTRADOS,PLANTA DE ASFALTO DEL DISTRITO FEDERAL,0,0,0,0,0,0,0,0,0,0,0,0
ASUNTOS DE ORDEN PUBLICO Y DE SEGURIDAD INTERIOR,ÓRGANOS DESCONCENTRADOS,POLICÍA AUXILIAR DEL DISTRITO FEDERAL,"437,527,567","778,331,590","1,221,891,983","1,614,319,115","2,006,514,432","2,425,127,658","2,895,716,973","3,297,806,097",0,0,0,0
ASUNTOS DE ORDEN PUBLICO Y DE SEGURIDAD INTERIOR,ÓRGANOS DESCONCENTRADOS,POLICÍA BANCARIA E INDUSTRIAL DEL DISTRITO FEDERAL,"211,858,554","453,433,759","687,514,672","933,259,598","1,200,037,433","1,446,894,303","1,710,736,042","1,978,354,752",0,0,0,0
ASUNTOS DE ORDEN PUBLICO Y DE SEGURIDAD INTERIOR,ÓRGANOS DESCONCENTRADOS,PROYECTO METRO DEL DISTRITO FEDERAL,0,0,0,210,473,473,473,473,0,0,0,0
ASUNTOS DE ORDEN PUBLICO Y DE SEGURIDAD INTERIOR,ÓRGANOS DESCONCENTRADOS,SECRETARÍA EJECUTIVA DEL MECANISMO DE SEGUIMIENTO Y EVALUACIÓN DEL PROGRAMA DE DERECHOS HUMANOS DEL DISTRITO FEDERAL,0,0,0,138,138,"13,940","13,940","19,551",0,0,0,0
ASUNTOS DE ORDEN PUBLICO Y DE SEGURIDAD INTERIOR,ÓRGANOS DESCONCENTRADOS,SISTEMA DE AGUAS DE LA CIUDAD DE MÉXICO,0,0,0,0,0,0,"22,968","22,968",0,0,0,0
ASUNTOS DE ORDEN PUBLICO Y DE SEGURIDAD INTERIOR,ÓRGANOS DESCONCENTRADOS,SISTEMA DE RADIO Y TELEVISIÓN DIGITAL DEL GOBIERNO DEL DISTRITO FEDERAL,0,0,0,0,0,"22,202","22,202","22,202",0,0,0,0
ASUNTOS DE ORDEN PUBLICO Y DE SEGURIDAD INTERIOR,SECTOR PARAESTATAL (ENTIDADES / ORGANISMOS),CAJA DE PREVISIÓN DE LA POLICÍA AUXILIAR DEL DISTRITO FEDERAL,0,0,0,0,0,0,"99,180","99,180",0,0,0,0
ASUNTOS DE ORDEN PUBLICO Y DE SEGURIDAD INTERIOR,SECTOR PARAESTATAL (ENTIDADES / ORGANISMOS),CAJA DE PREVISIÓN DE LA POLICÍA PREVENTIVA DEL DISTRITO FEDERAL,0,0,0,0,0,"26,109","49,735","49,735",0,0,0,0
ASUNTOS DE ORDEN PUBLICO Y DE SEGURIDAD INTERIOR,SECTOR PARAESTATAL (ENTIDADES / ORGANISMOS),CAJA DE PREVISIÓN PARA TRABAJADORES A LISTA DE RAYA DEL GOBIERNO DEL DISTRITO FEDERAL,0,0,0,0,0,0,0,0,0,0,0,0
ASUNTOS DE ORDEN PUBLICO Y DE SEGURIDAD INTERIOR,SECTOR PARAESTATAL (ENTIDADES / ORGANISMOS),CONSEJO DE EVALUACIÓN DEL DESARROLLO SOCIAL DEL DISTRITO FEDERAL,0,0,0,0,0,0,0,0,0,0,0,0
ASUNTOS DE ORDEN PUBLICO Y DE SEGURIDAD INTERIOR,SECTOR PARAESTATAL (ENTIDADES / ORGANISMOS),CONSEJO PARA PREVENIR Y ELIMINAR LA DISCRIMINACIÓN DE LA CIUDAD DE MÉXICO,0,0,0,0,0,0,0,0,0,0,0,0
ASUNTOS DE ORDEN PUBLICO Y DE SEGURIDAD INTERIOR,SECTOR PARAESTATAL (ENTIDADES / ORGANISMOS),"CORPORACIÓN MEXICANA DE IMPRESIÓN, S.A. DE C.V.",0,0,0,0,0,0,"10,150","10,150",0,0,0,0
ASUNTOS DE ORDEN PUBLICO Y DE SEGURIDAD INTERIOR,SECTOR PARAESTATAL (ENTIDADES / ORGANISMOS),ESCUELA DE ADMINISTRACIÓN PÚBLICA DEL DISTRITO FEDERAL,0,0,0,0,0,0,0,0,0,0,0,0
ASUNTOS DE ORDEN PUBLICO Y DE SEGURIDAD INTERIOR,SECTOR PARAESTATAL (ENTIDADES / ORGANISMOS),FIDEICOMISO CENTRO HISTÓRICO DE LA CIUDAD DE MÉXICO,0,0,0,0,0,0,0,0,0,0,0,0
ASUNTOS DE ORDEN PUBLICO Y DE SEGURIDAD INTERIOR,SECTOR PARAESTATAL (ENTIDADES / ORGANISMOS),FIDEICOMISO DE RECUPERACIÓN CREDITICIA DEL DISTRITO FEDERAL,0,0,0,0,0,0,0,0,0,0,0,0
ASUNTOS DE ORDEN PUBLICO Y DE SEGURIDAD INTERIOR,SECTOR PARAESTATAL (ENTIDADES / ORGANISMOS),FIDEICOMISO DEL FONDO PARA EL DESARROLLO ECONÓMICO Y SOCIAL DE LA CIUDAD DE MÉXICO,0,0,0,0,0,0,128,128,0,0,0,0
ASUNTOS DE ORDEN PUBLICO Y DE SEGURIDAD INTERIOR,SECTOR PARAESTATAL (ENTIDADES / ORGANISMOS),FIDEICOMISO EDUCACIÓN GARANTIZADA,0,0,0,0,0,0,0,0,0,0,0,0
ASUNTOS DE ORDEN PUBLICO Y DE SEGURIDAD INTERIOR,SECTOR PARAESTATAL (ENTIDADES / ORGANISMOS),FIDEICOMISO MUSEO DE ARTE POPULAR MEXICANO,0,0,0,0,0,0,0,0,0,0,0,0
ASUNTOS DE ORDEN PUBLICO Y DE SEGURIDAD INTERIOR,SECTOR PARAESTATAL (ENTIDADES / ORGANISMOS),FIDEICOMISO MUSEO DEL ESTANQUILLO,0,0,0,0,0,"12,000","18,000","18,000",0,0,0,0
ASUNTOS DE ORDEN PUBLICO Y DE SEGURIDAD INTERIOR,SECTOR PARAESTATAL (ENTIDADES / ORGANISMOS),FONDO DE DESARROLLO ECONÓMICO DEL DISTRITO FEDERAL,0,0,0,0,0,0,0,0,0,0,0,0
ASUNTOS DE ORDEN PUBLICO Y DE SEGURIDAD INTERIOR,SECTOR PARAESTATAL (ENTIDADES / ORGANISMOS),FONDO MIXTO DE PROMOCIÓN TURÍSTICA DEL DISTRITO FEDERAL,0,0,0,0,0,0,0,0,0,0,0,0
ASUNTOS DE ORDEN PUBLICO Y DE SEGURIDAD INTERIOR,SECTOR PARAESTATAL (ENTIDADES / ORGANISMOS),FONDO PARA EL DESARROLLO SOCIAL DE LA CIUDAD DE MÉXICO,0,0,205,205,205,"16,660","16,660","16,660",0,0,0,0
ASUNTOS DE ORDEN PUBLICO Y DE SEGURIDAD INTERIOR,SECTOR PARAESTATAL (ENTIDADES / ORGANISMOS),HEROICO CUERPO DE BOMBEROS DEL DISTRITO FEDERAL,"35,710,540","76,931,264","161,167,972","236,185,315","301,040,245","355,771,660","410,503,075","410,503,075",0,0,0,0
ASUNTOS DE ORDEN PUBLICO Y DE SEGURIDAD INTERIOR,SECTOR PARAESTATAL (ENTIDADES / ORGANISMOS),INSTITUTO DE CAPACITACIÓN PARA EL TRABAJO DE LA CIUDAD DE MÉXICO,0,0,0,0,0,0,0,0,0,0,0,0
ASUNTOS DE ORDEN PUBLICO Y DE SEGURIDAD INTERIOR,SECTOR PARAESTATAL (ENTIDADES / ORGANISMOS),INSTITUTO DE EDUCACIÓN MEDIA SUPERIOR DEL DISTRITO FEDERAL,0,0,0,0,"356,236","678,194","999,108","999,108",0,0,0,0
ASUNTOS DE ORDEN PUBLICO Y DE SEGURIDAD INTERIOR,SECTOR PARAESTATAL (ENTIDADES / ORGANISMOS),INSTITUTO DE LA JUVENTUD DEL DISTRITO FEDERAL,0,0,0,0,0,0,"48,046","48,046",0,0,0,0
ASUNTOS DE ORDEN PUBLICO Y DE SEGURIDAD INTERIOR,SECTOR PARAESTATAL (ENTIDADES / ORGANISMOS),INSTITUTO DE LAS MUJERES DEL DISTRITO FEDERAL,0,0,0,0,0,0,0,0,0,0,0,0
ASUNTOS DE ORDEN PUBLICO Y DE SEGURIDAD INTERIOR,SECTOR PARAESTATAL (ENTIDADES / ORGANISMOS),INSTITUTO DE VERIFICACIÓN ADMINISTRATIVA DEL DISTRITO FEDERAL,0,0,0,0,0,0,0,0,0,0,0,0
ASUNTOS DE ORDEN PUBLICO Y DE SEGURIDAD INTERIOR,SECTOR PARAESTATAL (ENTIDADES / ORGANISMOS),INSTITUTO DE VIVIENDA DEL DISTRITO FEDERAL,0,0,0,0,0,0,"4,640","4,640",0,0,0,0
ASUNTOS DE ORDEN PUBLICO Y DE SEGURIDAD INTERIOR,SECTOR PARAESTATAL (ENTIDADES / ORGANISMOS),INSTITUTO DEL DEPORTE DEL DISTRITO FEDERAL,0,0,0,0,0,0,0,0,0,0,0,0
ASUNTOS DE ORDEN PUBLICO Y DE SEGURIDAD INTERIOR,SECTOR PARAESTATAL (ENTIDADES / ORGANISMOS),INSTITUTO LOCAL DE LA INFRAESTRUCTURA FÍSICA EDUCATIVA DEL DISTRITO FEDERAL,0,0,0,0,0,0,0,0,0,0,0,0
ASUNTOS DE ORDEN PUBLICO Y DE SEGURIDAD INTERIOR,SECTOR PARAESTATAL (ENTIDADES / ORGANISMOS),INSTITUTO PARA LA ATENCIÓN Y PREVENCIÓN DE LAS ADICCIONES DE LA CIUDAD DE MÉXICO,0,0,0,0,0,0,0,0,0,0,0,0
ASUNTOS DE ORDEN PUBLICO Y DE SEGURIDAD INTERIOR,SECTOR PARAESTATAL (ENTIDADES / ORGANISMOS),INSTITUTO PARA LA INTEGRACIÓN AL DESARROLLO DE LAS PERSONAS CON DISCAPACIDAD DEL DISTRITO FEDERAL,0,0,0,0,0,0,0,0,0,0,0,0
ASUNTOS DE ORDEN PUBLICO Y DE SEGURIDAD INTERIOR,SECTOR PARAESTATAL (ENTIDADES / ORGANISMOS),INSTITUTO PARA LA SEGURIDAD DE LAS CONSTRUCCIONES DEL DISTRITO FEDERAL,"668,626","1,470,670","6,940,104","8,377,427","14,297,972","15,240,333","21,173,690","21,173,690",0,0,0,0
ASUNTOS DE ORDEN PUBLICO Y DE SEGURIDAD INTERIOR,SECTOR PARAESTATAL (ENTIDADES / ORGANISMOS),METROBÚS,0,0,0,0,0,0,0,0,0,0,0,0
ASUNTOS DE ORDEN PUBLICO Y DE SEGURIDAD INTERIOR,SECTOR PARAESTATAL (ENTIDADES / ORGANISMOS),"PROCDMX, S.A. DE C.V.",0,0,0,0,0,0,0,0,0,0,0,0
ASUNTOS DE ORDEN PUBLICO Y DE SEGURIDAD INTERIOR,SECTOR PARAESTATAL (ENTIDADES / ORGANISMOS),PROCURADURÍA AMBIENTAL Y DEL ORDENAMIENTO TERRITORIAL DEL DISTRITO FEDERAL,0,0,0,0,0,0,0,0,0,0,0,0
ASUNTOS DE ORDEN PUBLICO Y DE SEGURIDAD INTERIOR,SECTOR PARAESTATAL (ENTIDADES / ORGANISMOS),PROCURADURÍA SOCIAL DEL DISTRITO FEDERAL,0,0,"567,446","1,702,338","1,702,338","2,732,519","2,946,851","2,946,851",0,0,0,0
ASUNTOS DE ORDEN PUBLICO Y DE SEGURIDAD INTERIOR,SECTOR PARAESTATAL (ENTIDADES / ORGANISMOS),RED DE TRANSPORTE DE PASAJEROS DEL DISTRITO FEDERAL,0,0,0,0,0,0,0,0,0,0,0,0
ASUNTOS DE ORDEN PUBLICO Y DE SEGURIDAD INTERIOR,SECTOR PARAESTATAL (ENTIDADES / ORGANISMOS),SERVICIO DE TRANSPORTES ELÉCTRICOS DEL DISTRITO FEDERAL,0,0,0,"93,699","93,699","160,399","160,399","160,399",0,0,0,0
ASUNTOS DE ORDEN PUBLICO Y DE SEGURIDAD INTERIOR,SECTOR PARAESTATAL (ENTIDADES / ORGANISMOS),SERVICIOS DE SALUD PÚBLICA DEL DISTRITO FEDERAL,0,0,0,0,0,0,0,0,0,0,0,0
ASUNTOS DE ORDEN PUBLICO Y DE SEGURIDAD INTERIOR,SECTOR PARAESTATAL (ENTIDADES / ORGANISMOS),"SERVICIOS METROPOLITANOS, S.A. DE C.V.",0,0,44,44,44,44,44,44,0,0,0,0
ASUNTOS DE ORDEN PUBLICO Y DE SEGURIDAD INTERIOR,SECTOR PARAESTATAL (ENTIDADES / ORGANISMOS),SISTEMA DE TRANSPORTE COLECTIVO METRO,0,0,0,0,0,0,0,0,0,0,0,0
ASUNTOS DE ORDEN PUBLICO Y DE SEGURIDAD INTERIOR,SECTOR PARAESTATAL (ENTIDADES / ORGANISMOS),SISTEMA PARA EL DESARROLLO INTEGRAL DE LA FAMILIA DEL DISTRITO FEDERAL,0,0,0,0,0,0,"1,393,609","1,393,609",0,0,0,0
"ASUNTOS ECONÓMICOS, COMERCIALES Y LABORALES EN GENERAL",DELEGACIONES,DELEGACIÓN ÁLVARO OBREGÓN,"8,236","25,471","42,029","64,624","91,880","119,683","153,374","427,094",0,0,0,0
"ASUNTOS ECONÓMICOS, COMERCIALES Y LABORALES EN GENERAL",DELEGACIONES,DELEGACIÓN AZCAPOTZALCO,"2,436,733","3,994,489","5,947,143","9,847,689","12,957,945","15,979,544","16,935,883","17,704,510",0,0,0,0
"ASUNTOS ECONÓMICOS, COMERCIALES Y LABORALES EN GENERAL",DELEGACIONES,DELEGACIÓN BENITO JUÁREZ,"3,602","11,679","812,444","1,084,690","1,320,616","1,628,878","1,901,385","1,908,835",0,0,0,0
"ASUNTOS ECONÓMICOS, COMERCIALES Y LABORALES EN GENERAL",DELEGACIONES,DELEGACIÓN COYOACÁN,"2,318,030","4,921,333","8,410,021","11,036,301","16,133,445","18,754,432","22,686,396","25,775,172",0,0,0,0
"ASUNTOS ECONÓMICOS, COMERCIALES Y LABORALES EN GENERAL",DELEGACIONES,DELEGACIÓN CUAJIMALPA DE MORELOS,"955,190","1,303,652","1,635,456","1,971,419","2,357,676","2,685,271","3,573,252","3,708,325",0,0,0,0
"ASUNTOS ECONÓMICOS, COMERCIALES Y LABORALES EN GENERAL",DELEGACIONES,DELEGACIÓN CUAUHTÉMOC,"946,460","2,308,207","4,813,293","6,422,153","10,474,496","12,817,389","14,581,399","17,037,170",0,0,0,0
"ASUNTOS ECONÓMICOS, COMERCIALES Y LABORALES EN GENERAL",DELEGACIONES,DELEGACIÓN GUSTAVO A. MADERO,0,0,0,0,0,"100,000","103,638","103,638",0,0,0,0
"ASUNTOS ECONÓMICOS, COMERCIALES Y LABORALES EN GENERAL",DELEGACIONES,DELEGACIÓN IZTACALCO,"205,476","284,347","390,858","496,598","1,431,341","1,438,849","1,446,217","2,498,730",0,0,0,0
"ASUNTOS ECONÓMICOS, COMERCIALES Y LABORALES EN GENERAL",DELEGACIONES,DELEGACIÓN IZTAPALAPA,0,"33,340","33,340","66,672","83,338","100,004","116,670","133,336",0,0,0,0
"ASUNTOS ECONÓMICOS, COMERCIALES Y LABORALES EN GENERAL",DELEGACIONES,DELEGACIÓN LA MAGDALENA CONTRERAS,"816,579","1,207,162","2,069,383","4,787,036","5,874,796","6,718,397","8,234,069","9,752,116",0,0,0,0
"ASUNTOS ECONÓMICOS, COMERCIALES Y LABORALES EN GENERAL",DELEGACIONES,DELEGACIÓN MIGUEL HIDALGO,"1,421,653","3,130,877","4,561,866","6,091,861","8,250,847","9,817,692","11,286,614","13,061,112",0,0,0,0
"ASUNTOS ECONÓMICOS, COMERCIALES Y LABORALES EN GENERAL",DELEGACIONES,DELEGACIÓN MILPA ALTA,0,0,0,0,0,"25,375","29,435","4,054,435",0,0,0,0
"ASUNTOS ECONÓMICOS, COMERCIALES Y LABORALES EN GENERAL",DELEGACIONES,DELEGACIÓN TLÁHUAC,"42,561","96,017","183,429","267,749","594,731","671,786","734,332","802,176",0,0,0,0
"ASUNTOS ECONÓMICOS, COMERCIALES Y LABORALES EN GENERAL",DELEGACIONES,DELEGACIÓN TLALPAN,"14,389,799","29,376,545","45,826,945","60,419,890","82,076,717","97,251,379","114,490,090","135,655,854",0,0,0,0
"ASUNTOS ECONÓMICOS, COMERCIALES Y LABORALES EN GENERAL",DELEGACIONES,DELEGACIÓN VENUSTIANO CARRANZA,"1,664,453","4,707,139","7,179,787","9,568,726","13,108,024","15,502,603","20,322,809","24,250,543",0,0,0,0
"ASUNTOS ECONÓMICOS, COMERCIALES Y LABORALES EN GENERAL",DELEGACIONES,DELEGACIÓN XOCHIMILCO,"1,558,937","3,066,995","4,582,691","6,315,848","8,557,077","11,208,988","12,785,377","14,306,398",0,0,0,0
"ASUNTOS ECONÓMICOS, COMERCIALES Y LABORALES EN GENERAL",DEPENDENCIAS,SECRETARÍA DE DESARROLLO ECONÓMICO DEL DISTRITO FEDERAL,"12,372,734","24,851,256","37,633,823","50,739,312","66,378,366","97,700,356","157,094,330","179,988,576",0,0,0,0
"ASUNTOS ECONÓMICOS, COMERCIALES Y LABORALES EN GENERAL",DEPENDENCIAS,SECRETARÍA DE GOBIERNO DEL DISTRITO FEDERAL,"2,068,383","4,480,813","7,032,512","10,003,670","13,309,636","16,384,984","18,992,963","22,142,563",0,0,0,0
"ASUNTOS ECONÓMICOS, COMERCIALES Y LABORALES EN GENERAL",DEPENDENCIAS,SECRETARÍA DEL TRABAJO Y FOMENTO AL EMPLEO DEL DISTRITO FEDERAL,"2,056,592","4,449,412","7,084,932","9,713,485","12,970,246","16,617,544","19,683,383","23,266,527",0,0,0,0
"ASUNTOS ECONÓMICOS, COMERCIALES Y LABORALES EN GENERAL",SECTOR PARAESTATAL (ENTIDADES / ORGANISMOS),FIDEICOMISO DEL FONDO PARA EL DESARROLLO ECONÓMICO Y SOCIAL DE LA CIUDAD DE MÉXICO,0,"662,273","1,092,186","1,997,375","2,443,352","2,842,197","3,513,834","3,513,834",0,0,0,0
"ASUNTOS ECONÓMICOS, COMERCIALES Y LABORALES EN GENERAL",SECTOR PARAESTATAL (ENTIDADES / ORGANISMOS),SISTEMA PARA EL DESARROLLO INTEGRAL DE LA FAMILIA DEL DISTRITO FEDERAL,"2,724","2,724","13,613","34,037","47,779","94,378","241,226","241,226",0,0,0,0
ASUNTOS FINANCIEROS Y HACENDARIOS,DEPENDENCIAS,SECRETARÍA DE FINANZAS DEL DISTRITO FEDERAL,"62,039,912","124,210,020","206,542,954","341,747,296","476,953,425","2,298,143,505","2,426,446,234","2,533,892,010",0,0,0,0
ASUNTOS FINANCIEROS Y HACENDARIOS,OTRAS,TESORERÍA DEL DISTRITO FEDERAL,0,0,"1,411,015,700","1,411,015,700","1,411,015,700","3,312,755,394","3,379,969,477","3,488,029,021",0,0,0,0
"CIENCIA, TECNOLOGÍA E INNOVACIÓN",DEPENDENCIAS,"SECRETARÍA DE CIENCIA, TECNOLOGÍA E INNOVACIÓN DEL DISTRITO FEDERAL","2,826,729","6,171,564","11,606,216","17,417,893","33,690,434","38,956,005","48,031,090","54,275,957",0,0,0,0
"CIENCIA, TECNOLOGÍA E INNOVACIÓN",ÓRGANOS DESCONCENTRADOS,AGENCIA DE GESTIÓN URBANA DE LA CIUDAD DE MÉXICO,"316,196","1,700,491","2,624,064","3,658,191","5,336,723","6,529,014","7,774,103","8,912,598",0,0,0,0
COORDINACIÓN DE LA POLÍTICA DE GOBIERNO,DELEGACIONES,DELEGACIÓN ÁLVARO OBREGÓN,0,"8,333","24,999","33,332","41,665","49,998","58,331","66,664",0,0,0,0
COORDINACIÓN DE LA POLÍTICA DE GOBIERNO,DELEGACIONES,DELEGACIÓN AZCAPOTZALCO,"7,452,152","23,686,124","50,530,153","67,870,637","78,900,322","103,294,624","125,709,098","147,528,978",0,0,0,0
COORDINACIÓN DE LA POLÍTICA DE GOBIERNO,DELEGACIONES,DELEGACIÓN BENITO JUÁREZ,0,0,"145,983","145,983","145,983","291,966","340,627","340,627",0,0,0,0
COORDINACIÓN DE LA POLÍTICA DE GOBIERNO,DELEGACIONES,DELEGACIÓN COYOACÁN,"2,806,156","4,516,853","12,080,242","17,009,176","22,156,733","31,147,401","39,204,055","42,139,431",0,0,0,0
COORDINACIÓN DE LA POLÍTICA DE GOBIERNO,DELEGACIONES,DELEGACIÓN CUAJIMALPA DE MORELOS,"5,209,256","10,564,581","16,236,700","21,767,666","31,725,749","37,573,413","44,921,264","52,482,041",0,0,0,0
COORDINACIÓN DE LA POLÍTICA DE GOBIERNO,DELEGACIONES,DELEGACIÓN CUAUHTÉMOC,"6,645,591","12,365,344","18,733,785","23,041,688","29,646,824","35,641,178","38,988,999","51,488,006",0,0,0,0
COORDINACIÓN DE LA POLÍTICA DE GOBIERNO,DELEGACIONES,DELEGACIÓN GUSTAVO A. MADERO,0,0,"2,513,096","5,193,131","5,771,848","5,898,219","7,194,539","7,638,320",0,0,0,0
COORDINACIÓN DE LA POLÍTICA DE GOBIERNO,DELEGACIONES,DELEGACIÓN IZTAPALAPA,0,"2,990,340","8,904,340","9,029,710","9,263,576","9,280,242","9,346,906","9,452,638",0,0,0,0
COORDINACIÓN DE LA POLÍTICA DE GOBIERNO,DELEGACIONES,DELEGACIÓN MIGUEL HIDALGO,"9,485,270","23,800,642","32,356,434","49,278,314","64,684,126","83,675,894","102,551,491","113,081,648",0,0,0,0
COORDINACIÓN DE LA POLÍTICA DE GOBIERNO,DELEGACIONES,DELEGACIÓN MILPA ALTA,0,0,0,0,0,0,0,"336,180",0,0,0,0
COORDINACIÓN DE LA POLÍTICA DE GOBIERNO,DELEGACIONES,DELEGACIÓN TLÁHUAC,0,"83,332","276,168","653,538","982,375","1,596,583","2,054,713","2,105,692",0,0,0,0
COORDINACIÓN DE LA POLÍTICA DE GOBIERNO,DELEGACIONES,DELEGACIÓN TLALPAN,"105,173","217,187","379,272","671,150","2,156,341","4,097,344","6,839,953","8,274,194",0,0,0,0
COORDINACIÓN DE LA POLÍTICA DE GOBIERNO,DELEGACIONES,DELEGACIÓN VENUSTIANO CARRANZA,"16,427,949","28,265,758","40,353,444","49,586,688","64,506,777","75,104,062","86,779,817","98,932,407",0,0,0,0
COORDINACIÓN DE LA POLÍTICA DE GOBIERNO,DELEGACIONES,DELEGACIÓN XOCHIMILCO,0,0,0,0,0,0,0,0,0,0,0,0
COORDINACIÓN DE LA POLÍTICA DE GOBIERNO,DEPENDENCIAS,CONSEJERÍA JURÍDICA Y DE SERVICIOS LEGALES,"39,646,176","70,381,206","101,294,535","132,494,408","170,297,896","208,695,658","329,141,624","406,735,808",0,0,0,0
COORDINACIÓN DE LA POLÍTICA DE GOBIERNO,DEPENDENCIAS,CONTRALORÍA GENERAL,"16,012,116","37,212,742","58,346,416","79,724,704","102,437,817","123,682,821","144,780,143","165,709,363",0,0,0,0
COORDINACIÓN DE LA POLÍTICA DE GOBIERNO,DEPENDENCIAS,JEFATURA DEL GOBIERNO DEL DISTRITO FEDERAL,"10,873,142","23,224,117","35,703,566","48,223,186","62,986,416","77,166,406","90,627,869","104,183,590",0,0,0,0
COORDINACIÓN DE LA POLÍTICA DE GOBIERNO,DEPENDENCIAS,OFICIALÍA MAYOR,"3,292,996","6,700,507","10,287,219","14,148,618","18,455,703","24,698,417","35,795,060","40,374,087",0,0,0,0
COORDINACIÓN DE LA POLÍTICA DE GOBIERNO,DEPENDENCIAS,SECRETARÍA DE DESARROLLO URBANO Y VIVIENDA DEL DISTRITO FEDERAL,"1,820,434","3,664,749","6,085,787","8,145,415","10,705,760","12,910,962","15,023,709","17,128,997",0,0,0,0
COORDINACIÓN DE LA POLÍTICA DE GOBIERNO,DEPENDENCIAS,SECRETARÍA DE GOBIERNO DEL DISTRITO FEDERAL,"1,940,885","4,997,709","7,601,606","10,115,348","13,278,079","16,452,917","19,054,228","22,068,266",0,0,0,0
COORDINACIÓN DE LA POLÍTICA DE GOBIERNO,DEPENDENCIAS,SECRETARÍA DE OBRAS Y SERVICIOS DEL DISTRITO FEDERAL,0,0,0,0,0,0,"6,840,811","6,840,811",0,0,0,0
COORDINACIÓN DE LA POLÍTICA DE GOBIERNO,ÓRGANOS DE GOBIERNO Y AUTÓNOMOS,INSTITUTO ELECTORAL DEL DISTRITO FEDERAL,"86,898,777","188,280,684","284,421,024","379,228,032","524,035,040","618,842,048","763,649,056","858,456,064",0,0,0,0
COORDINACIÓN DE LA POLÍTICA DE GOBIERNO,ÓRGANOS DESCONCENTRADOS,AGENCIA DE GESTIÓN URBANA DE LA CIUDAD DE MÉXICO,"1,395,757","9,337,436","18,042,388","31,661,054","34,283,605","55,354,601","59,845,682","69,079,762",0,0,0,0
COORDINACIÓN DE LA POLÍTICA DE GOBIERNO,OTRAS,DEUDA PÚBLICA DEL DISTRITO FEDERAL,"4,226,331","12,331,697","22,929,241","34,779,167","39,557,981","50,874,717","65,592,455","72,030,890",0,0,0,0
COORDINACIÓN DE LA POLÍTICA DE GOBIERNO,SECTOR PARAESTATAL (ENTIDADES / ORGANISMOS),CONSEJO DE EVALUACIÓN DEL DESARROLLO SOCIAL DEL DISTRITO FEDERAL,"491,163","2,327,882","3,494,875","3,494,875","6,049,588","6,049,588","6,049,588","6,049,588",0,0,0,0
COORDINACIÓN DE LA POLÍTICA DE GOBIERNO,SECTOR PARAESTATAL (ENTIDADES / ORGANISMOS),ESCUELA DE ADMINISTRACIÓN PÚBLICA DEL DISTRITO FEDERAL,"213,512","769,156","1,451,329","2,082,306","2,941,900","3,595,956","4,485,907","4,485,907",0,0,0,0
COORDINACIÓN DE LA POLÍTICA DE GOBIERNO,SECTOR PARAESTATAL (ENTIDADES / ORGANISMOS),FIDEICOMISO CENTRO HISTÓRICO DE LA CIUDAD DE MÉXICO,0,0,0,0,"105,000","270,000","270,000","270,000",0,0,0,0
COORDINACIÓN DE LA POLÍTICA DE GOBIERNO,SECTOR PARAESTATAL (ENTIDADES / ORGANISMOS),FONDO DE DESARROLLO ECONÓMICO DEL DISTRITO FEDERAL,"96,049","96,049","1,144,890","1,507,077","1,835,473","2,213,757","2,213,757","2,213,757",0,0,0,0
COORDINACIÓN DE LA POLÍTICA DE GOBIERNO,SECTOR PARAESTATAL (ENTIDADES / ORGANISMOS),INSTITUTO DE VERIFICACIÓN ADMINISTRATIVA DEL DISTRITO FEDERAL,"14,728,204","32,974,225","58,380,440","81,011,785","114,663,141","137,184,235","174,156,035","177,792,354",0,0,0,0
EDUCACIÓN,DELEGACIONES,DELEGACIÓN ÁLVARO OBREGÓN,0,0,0,0,"81,803","81,803","81,803","81,803",0,0,0,0
EDUCACIÓN,DELEGACIONES,DELEGACIÓN AZCAPOTZALCO,"273,054","556,576","835,965","1,131,229","1,419,065","1,713,099","1,799,298","5,358,623",0,0,0,0
EDUCACIÓN,DELEGACIONES,DELEGACIÓN BENITO JUÁREZ,"1,096","4,294","66,765","69,913","112,593","135,447","4,647,542","11,177,862",0,0,0,0
EDUCACIÓN,DELEGACIONES,DELEGACIÓN COYOACÁN,"475,909","3,175,120","5,936,906","8,659,714","9,229,648","23,095,875","23,011,643","24,508,772",0,0,0,0
EDUCACIÓN,DELEGACIONES,DELEGACIÓN CUAJIMALPA DE MORELOS,0,0,"50,188","50,188","50,623","201,437","201,437","410,226",0,0,0,0
EDUCACIÓN,DELEGACIONES,DELEGACIÓN CUAUHTÉMOC,"55,323","1,161,304","1,859,344","3,672,400","4,596,851","5,520,093","6,442,650","7,370,886",0,0,0,0
EDUCACIÓN,DELEGACIONES,DELEGACIÓN GUSTAVO A. MADERO,0,0,0,0,0,"3,189,751","3,189,751","3,189,751",0,0,0,0
EDUCACIÓN,DELEGACIONES,DELEGACIÓN IZTACALCO,"812,119","4,636,436","9,985,262","11,679,850","51,893,569","57,751,938","60,856,627","78,701,694",0,0,0,0
EDUCACIÓN,DELEGACIONES,DELEGACIÓN IZTAPALAPA,"15,245,985","42,784,689","62,364,137","83,441,457","104,931,422","138,500,297","157,822,231","183,078,041",0,0,0,0
EDUCACIÓN,DELEGACIONES,DELEGACIÓN LA MAGDALENA CONTRERAS,"233,741","1,010,375","2,045,661","2,851,954","4,164,853","9,244,460","16,065,665","19,004,242",0,0,0,0
EDUCACIÓN,DELEGACIONES,DELEGACIÓN MIGUEL HIDALGO,0,0,0,0,0,0,0,0,0,0,0,0
EDUCACIÓN,DELEGACIONES,DELEGACIÓN MILPA ALTA,0,0,0,0,0,"1,128,449","2,249,387","4,174,027",0,0,0,0
EDUCACIÓN,DELEGACIONES,DELEGACIÓN TLÁHUAC,0,"29,353","762,982","1,326,164","1,859,272","2,545,218","2,903,367","3,277,372",0,0,0,0
EDUCACIÓN,DELEGACIONES,DELEGACIÓN TLALPAN,"67,178","138,726","1,881,416","3,845,748","4,639,390","18,492,160","34,288,152","40,644,833",0,0,0,0
EDUCACIÓN,DELEGACIONES,DELEGACIÓN VENUSTIANO CARRANZA,"2,415,243","4,348,816","7,723,245","11,321,561","15,336,303","20,511,522","23,475,093","32,976,534",0,0,0,0
EDUCACIÓN,DELEGACIONES,DELEGACIÓN XOCHIMILCO,0,0,0,0,0,0,0,0,0,0,0,0
EDUCACIÓN,DEPENDENCIAS,SECRETARÍA DE CULTURA DEL DISTRITO FEDERAL,0,0,0,0,0,"834,528","894,528","921,528",0,0,0,0
EDUCACIÓN,DEPENDENCIAS,SECRETARÍA DE DESARROLLO SOCIAL DEL DISTRITO FEDERAL,0,0,0,0,0,0,"267,160,320","425,327,760",0,0,0,0
EDUCACIÓN,DEPENDENCIAS,SECRETARÍA DE EDUCACIÓN DEL DISTRITO FEDERAL,"9,083,921","35,993,093","69,433,843","89,711,031","181,001,952","222,019,463","270,807,592","362,134,225",0,0,0,0
EDUCACIÓN,DEPENDENCIAS,SECRETARÍA DE OBRAS Y SERVICIOS DEL DISTRITO FEDERAL,0,0,0,0,0,0,0,0,0,0,0,0
EDUCACIÓN,ÓRGANOS DE GOBIERNO Y AUTÓNOMOS,UNIVERSIDAD AUTÓNOMA DE LA CIUDAD DE MÉXICO,"81,505,240","176,594,686","264,892,029","353,189,372","441,486,715","529,784,058","683,154,695","683,154,695",0,0,0,0
EDUCACIÓN,SECTOR PARAESTATAL (ENTIDADES / ORGANISMOS),ESCUELA DE ADMINISTRACIÓN PÚBLICA DEL DISTRITO FEDERAL,"387,125","1,045,757","2,086,343","3,367,791","4,646,132","5,735,447","6,946,266","6,946,266",0,0,0,0
EDUCACIÓN,SECTOR PARAESTATAL (ENTIDADES / ORGANISMOS),FIDEICOMISO EDUCACIÓN GARANTIZADA,"1,827,317","154,885,885","308,616,963","459,533,401","605,777,649","785,352,694","991,135,558","991,135,558",0,0,0,0
EDUCACIÓN,SECTOR PARAESTATAL (ENTIDADES / ORGANISMOS),INSTITUTO DE EDUCACIÓN MEDIA SUPERIOR DEL DISTRITO FEDERAL,"46,262,133","97,299,426","159,826,063","226,727,822","288,010,817","360,026,952","424,531,135","424,531,135",0,0,0,0
EDUCACIÓN,SECTOR PARAESTATAL (ENTIDADES / ORGANISMOS),INSTITUTO LOCAL DE LA INFRAESTRUCTURA FÍSICA EDUCATIVA DEL DISTRITO FEDERAL,"396,063","1,037,532","1,895,842","2,870,394","3,753,749","4,673,095","5,418,880","5,418,880",0,0,0,0
EDUCACIÓN,SECTOR PARAESTATAL (ENTIDADES / ORGANISMOS),SISTEMA PARA EL DESARROLLO INTEGRAL DE LA FAMILIA DEL DISTRITO FEDERAL,"4,348,592","33,524,577","85,291,949","97,979,542","136,589,696","191,517,830","215,553,776","215,553,776",0,0,0,0
JUSTICIA,DELEGACIONES,DELEGACIÓN AZCAPOTZALCO,0,0,0,0,0,0,0,0,0,0,0,0
JUSTICIA,DELEGACIONES,DELEGACIÓN BENITO JUÁREZ,0,"192,841","329,349","329,349","333,252","656,848","766,631","768,481",0,0,0,0
JUSTICIA,DELEGACIONES,DELEGACIÓN COYOACÁN,"2,004","4,087","6,165","8,253","10,370","12,207","14,201","16,439",0,0,0,0
JUSTICIA,DELEGACIONES,DELEGACIÓN CUAUHTÉMOC,0,0,0,0,0,0,0,0,0,0,0,0
JUSTICIA,DELEGACIONES,DELEGACIÓN GUSTAVO A. MADERO,0,0,0,"1,934,510","1,934,510","1,934,510","1,934,510","1,934,510",0,0,0,0
JUSTICIA,DELEGACIONES,DELEGACIÓN IZTAPALAPA,0,"40,000","40,000","1,087,313","1,219,353","2,142,137","2,197,654","2,303,994",0,0,0,0
JUSTICIA,DELEGACIONES,DELEGACIÓN LA MAGDALENA CONTRERAS,"1,029,856","1,816,734","3,260,167","4,197,093","5,601,449","6,624,493","7,908,665","8,630,625",0,0,0,0
JUSTICIA,DELEGACIONES,DELEGACIÓN MIGUEL HIDALGO,0,0,0,0,0,"300,000","300,000","300,000",0,0,0,0
JUSTICIA,DELEGACIONES,DELEGACIÓN TLÁHUAC,0,"25,000","200,928","213,428","389,355","401,855","558,284","583,119",0,0,0,0
JUSTICIA,DELEGACIONES,DELEGACIÓN TLALPAN,0,0,0,"20,472","25,590","30,708","35,826","40,944",0,0,0,0
JUSTICIA,DEPENDENCIAS,CONSEJERÍA JURÍDICA Y DE SERVICIOS LEGALES,0,0,0,0,0,0,0,0,0,0,0,0
JUSTICIA,DEPENDENCIAS,CONTRALORÍA GENERAL,"321,923","678,598","1,097,715","1,431,037","1,808,310","2,170,803","2,536,725","2,903,409",0,0,0,0
JUSTICIA,DEPENDENCIAS,JEFATURA DEL GOBIERNO DEL DISTRITO FEDERAL,0,0,0,0,0,0,0,0,0,0,0,0
JUSTICIA,DEPENDENCIAS,OFICIALÍA MAYOR,0,0,0,0,0,0,0,0,0,0,0,0
JUSTICIA,DEPENDENCIAS,PROCURADURÍA GENERAL DE JUSTICIA DEL DISTRITO FEDERAL,"322,474,275","681,603,557","1,095,618,327","1,491,937,746","1,946,464,929","2,360,686,007","2,781,623,456","3,163,673,668",0,0,0,0
JUSTICIA,DEPENDENCIAS,"SECRETARÍA DE CIENCIA, TECNOLOGÍA E INNOVACIÓN DEL DISTRITO FEDERAL",0,0,0,0,0,0,0,0,0,0,0,0
JUSTICIA,DEPENDENCIAS,SECRETARÍA DE CULTURA DEL DISTRITO FEDERAL,0,0,0,0,0,0,0,0,0,0,0,0
JUSTICIA,DEPENDENCIAS,SECRETARÍA DE DESARROLLO ECONÓMICO DEL DISTRITO FEDERAL,"39,717","64,717","89,717","114,717","139,717","232,263","275,070","308,785",0,0,0,0
JUSTICIA,DEPENDENCIAS,SECRETARÍA DE DESARROLLO RURAL Y EQUIDAD PARA LAS COMUNIDADES DEL DISTRITO FEDERAL,0,"5,871,796","10,871,796","16,299,024","16,926,252","17,362,150","17,798,048","18,722,506",0,0,0,0
JUSTICIA,DEPENDENCIAS,SECRETARÍA DE DESARROLLO SOCIAL DEL DISTRITO FEDERAL,"9,328,076","9,692,877","9,941,751","10,886,982","24,984,825","25,488,024","28,961,390","29,101,858",0,0,0,0
JUSTICIA,DEPENDENCIAS,SECRETARÍA DE DESARROLLO URBANO Y VIVIENDA DEL DISTRITO FEDERAL,0,0,0,0,"4,557","6,431","10,607","10,607",0,0,0,0
JUSTICIA,DEPENDENCIAS,SECRETARÍA DE EDUCACIÓN DEL DISTRITO FEDERAL,"1,278,634","5,011,715","11,221,822","15,858,310","21,834,568","28,411,281","30,824,825","41,730,045",0,0,0,0
JUSTICIA,DEPENDENCIAS,SECRETARÍA DE FINANZAS DEL DISTRITO FEDERAL,"572,403","1,112,638","1,667,302","2,233,152","3,030,240","3,581,376","4,119,888","4,664,913",0,0,0,0
JUSTICIA,DEPENDENCIAS,SECRETARÍA DE GOBIERNO DEL DISTRITO FEDERAL,"155,888,730","333,035,050","562,743,003","747,925,359","1,025,725,461","1,298,633,728","1,576,429,173","1,809,377,855",0,0,0,0
JUSTICIA,DEPENDENCIAS,SECRETARÍA DE MEDIO AMBIENTE DEL DISTRITO FEDERAL,0,0,0,0,0,0,0,0,0,0,0,0
JUSTICIA,DEPENDENCIAS,SECRETARÍA DE MOVILIDAD DEL DISTRITO FEDERAL,0,0,0,0,0,0,0,0,0,0,0,0
JUSTICIA,DEPENDENCIAS,SECRETARÍA DE OBRAS Y SERVICIOS DEL DISTRITO FEDERAL,"169,595","337,368","509,187","671,229","881,455","1,440,415","1,644,127","1,866,464",0,0,0,0
JUSTICIA,DEPENDENCIAS,SECRETARÍA DE PROTECCIÓN CIVIL DEL DISTRITO FEDERAL,"209,383","538,142","820,154","1,166,438","1,418,928","1,713,267","1,961,533","2,246,798",0,0,0,0
JUSTICIA,DEPENDENCIAS,SECRETARÍA DE SALUD DEL DISTRITO FEDERAL,0,"175,617","268,732","277,529","457,150","547,434","961,944","1,424,423",0,0,0,0
JUSTICIA,DEPENDENCIAS,SECRETARÍA DE SEGURIDAD PÚBLICA DEL DISTRITO FEDERAL,"1,110,825","3,485,660","2,805,698","9,045,609","12,381,788","15,580,557","17,889,072","20,384,957",0,0,0,0
JUSTICIA,DEPENDENCIAS,SECRETARÍA DEL TRABAJO Y FOMENTO AL EMPLEO DEL DISTRITO FEDERAL,"1,649,394","3,263,510","5,431,218","7,489,156","10,195,532","12,144,571","14,305,193","16,674,192",0,0,0,0
JUSTICIA,ÓRGANOS DE GOBIERNO Y AUTÓNOMOS,COMISIÓN DE DERECHOS HUMANOS DEL DISTRITO FEDERAL,"28,878,473","62,570,026","93,855,039","125,140,052","156,425,065","187,710,078","218,995,091","255,280,104",0,0,0,0
JUSTICIA,ÓRGANOS DE GOBIERNO Y AUTÓNOMOS,CONSEJO DE LA JUDICATURA DEL DISTRITO FEDERAL,"14,759,365","31,978,624","47,967,936","63,957,248","79,946,560","95,935,872","111,925,184","127,914,496",0,0,0,0
JUSTICIA,ÓRGANOS DE GOBIERNO Y AUTÓNOMOS,JUNTA LOCAL DE CONCILIACIÓN Y ARBITRAJE DEL DISTRITO FEDERAL,"28,797,616","59,895,032","93,592,254","124,788,086","155,985,264","187,184,507","233,854,053","271,219,191",0,0,0,0
JUSTICIA,ÓRGANOS DE GOBIERNO Y AUTÓNOMOS,TRIBUNAL DE LO CONTENCIOSO ADMINISTRATIVO DEL DISTRITO FEDERAL,"27,921,178","62,162,554","93,573,880","123,821,824","154,069,768","184,317,712","217,568,940","248,650,217",0,0,0,0
JUSTICIA,ÓRGANOS DE GOBIERNO Y AUTÓNOMOS,TRIBUNAL ELECTORAL DEL DISTRITO FEDERAL,"16,733,228","36,255,329","55,382,994","111,510,658","146,949,042","165,076,707","183,204,371","201,332,036",0,0,0,0
JUSTICIA,ÓRGANOS DE GOBIERNO Y AUTÓNOMOS,TRIBUNAL SUPERIOR DE JUSTICIA DEL DISTRITO FEDERAL,"365,452,900","761,360,209","1,187,721,927","1,797,858,709","2,242,315,489","2,699,761,628","3,095,668,937","3,524,493,561",0,0,0,0
JUSTICIA,ÓRGANOS DESCONCENTRADOS,AGENCIA DE GESTIÓN URBANA DE LA CIUDAD DE MÉXICO,0,0,0,0,0,0,0,0,0,0,0,0
JUSTICIA,ÓRGANOS DESCONCENTRADOS,AGENCIA DE PROTECCIÓN SANITARIA DEL GOBIERNO DEL DISTRITO FEDERAL,0,0,0,0,0,0,0,0,0,0,0,0
JUSTICIA,ÓRGANOS DESCONCENTRADOS,AUTORIDAD DEL CENTRO HISTÓRICO,0,0,0,0,0,0,0,0,0,0,0,0
JUSTICIA,ÓRGANOS DESCONCENTRADOS,AUTORIDAD DEL ESPACIO PÚBLICO DEL DISTRITO FEDERAL,"1,670,679","3,488,366","6,852,034","8,714,023","10,812,900","13,753,163","16,078,596","19,027,630",0,0,0,0
JUSTICIA,ÓRGANOS DESCONCENTRADOS,CENTRO DE ATENCIÓN A EMERGENCIAS Y PROTECCIÓN CIUDADANA DE LA  CIUDAD DE MÉXICO,0,0,0,0,0,0,0,0,0,0,0,0
JUSTICIA,ÓRGANOS DESCONCENTRADOS,INSTITUTO DE FORMACIÓN PROFESIONAL,"2,201,449","4,630,204","7,262,217","9,965,254","12,923,360","15,698,044","18,297,028","20,694,433",0,0,0,0
JUSTICIA,ÓRGANOS DESCONCENTRADOS,INSTITUTO TÉCNICO DE FORMACIÓN POLICIAL,0,0,0,0,0,0,0,0,0,0,0,0
JUSTICIA,ÓRGANOS DESCONCENTRADOS,ÓRGANO REGULADOR DE TRANSPORTE,0,0,0,0,0,0,0,0,0,0,0,0
JUSTICIA,ÓRGANOS DESCONCENTRADOS,PLANTA DE ASFALTO DEL DISTRITO FEDERAL,0,0,0,0,0,0,0,0,0,0,0,0
JUSTICIA,ÓRGANOS DESCONCENTRADOS,POLICÍA AUXILIAR DEL DISTRITO FEDERAL,"36,607","72,408","107,211","142,157","177,084","217,169","557,645","593,820",0,0,0,0
JUSTICIA,ÓRGANOS DESCONCENTRADOS,POLICÍA BANCARIA E INDUSTRIAL DEL DISTRITO FEDERAL,"25,642,651","51,882,536","77,411,559","105,706,566","134,847,926","163,697,423","195,972,185","225,931,497",0,0,0,0
JUSTICIA,ÓRGANOS DESCONCENTRADOS,PROYECTO METRO DEL DISTRITO FEDERAL,"55,517","80,517","105,517","130,517","155,517","180,517","200,431","220,344",0,0,0,0
JUSTICIA,ÓRGANOS DESCONCENTRADOS,SECRETARÍA EJECUTIVA DEL MECANISMO DE SEGUIMIENTO Y EVALUACIÓN DEL PROGRAMA DE DERECHOS HUMANOS DEL DISTRITO FEDERAL,"227,006","813,260","2,127,309","2,806,538","3,705,404","4,522,607","5,012,519","6,444,674",0,0,0,0
JUSTICIA,ÓRGANOS DESCONCENTRADOS,SISTEMA DE AGUAS DE LA CIUDAD DE MÉXICO,0,0,0,0,0,0,0,0,0,0,0,0
JUSTICIA,ÓRGANOS DESCONCENTRADOS,SISTEMA DE RADIO Y TELEVISIÓN DIGITAL DEL GOBIERNO DEL DISTRITO FEDERAL,0,0,"500,000","500,000","500,000","1,000,000","1,000,000","1,000,000",0,0,0,0
JUSTICIA,SECTOR PARAESTATAL (ENTIDADES / ORGANISMOS),CAJA DE PREVISIÓN DE LA POLICÍA AUXILIAR DEL DISTRITO FEDERAL,"121,384","121,384","358,412","358,412","358,412","358,412","358,412","358,412",0,0,0,0
JUSTICIA,SECTOR PARAESTATAL (ENTIDADES / ORGANISMOS),CAJA DE PREVISIÓN DE LA POLICÍA PREVENTIVA DEL DISTRITO FEDERAL,0,0,0,"9,688","1,090,880","1,205,678","1,219,172","1,219,172",0,0,0,0
JUSTICIA,SECTOR PARAESTATAL (ENTIDADES / ORGANISMOS),CAJA DE PREVISIÓN PARA TRABAJADORES A LISTA DE RAYA DEL GOBIERNO DEL DISTRITO FEDERAL,0,0,0,0,0,0,0,0,0,0,0,0
JUSTICIA,SECTOR PARAESTATAL (ENTIDADES / ORGANISMOS),CONSEJO DE EVALUACIÓN DEL DESARROLLO SOCIAL DEL DISTRITO FEDERAL,0,0,0,0,0,0,0,0,0,0,0,0
JUSTICIA,SECTOR PARAESTATAL (ENTIDADES / ORGANISMOS),"CORPORACIÓN MEXICANA DE IMPRESIÓN, S.A. DE C.V.",0,0,0,0,0,96,203,203,0,0,0,0
JUSTICIA,SECTOR PARAESTATAL (ENTIDADES / ORGANISMOS),ESCUELA DE ADMINISTRACIÓN PÚBLICA DEL DISTRITO FEDERAL,0,0,0,"11,422","12,500","61,250","77,500","77,500",0,0,0,0
JUSTICIA,SECTOR PARAESTATAL (ENTIDADES / ORGANISMOS),FIDEICOMISO CENTRO HISTÓRICO DE LA CIUDAD DE MÉXICO,0,"80,227","237,826","618,367","763,094","993,359","1,243,379","1,243,379",0,0,0,0
JUSTICIA,SECTOR PARAESTATAL (ENTIDADES / ORGANISMOS),FIDEICOMISO DE RECUPERACIÓN CREDITICIA DEL DISTRITO FEDERAL,0,0,0,0,"29,400","59,400","59,400","59,400",0,0,0,0
JUSTICIA,SECTOR PARAESTATAL (ENTIDADES / ORGANISMOS),FIDEICOMISO DEL FONDO PARA EL DESARROLLO ECONÓMICO Y SOCIAL DE LA CIUDAD DE MÉXICO,0,0,0,0,0,0,0,0,0,0,0,0
JUSTICIA,SECTOR PARAESTATAL (ENTIDADES / ORGANISMOS),FIDEICOMISO EDUCACIÓN GARANTIZADA,0,0,0,0,0,0,0,0,0,0,0,0
JUSTICIA,SECTOR PARAESTATAL (ENTIDADES / ORGANISMOS),FIDEICOMISO FONDO DE APOYO A LA PROCURACIÓN DE JUSTICIA EN EL DISTRITO FEDERAL,0,0,0,0,0,0,"526,841","526,841",0,0,0,0
JUSTICIA,SECTOR PARAESTATAL (ENTIDADES / ORGANISMOS),FIDEICOMISO MUSEO DEL ESTANQUILLO,0,"15,266","32,400","39,720","54,000","56,320","75,600","75,600",0,0,0,0
JUSTICIA,SECTOR PARAESTATAL (ENTIDADES / ORGANISMOS),FIDEICOMISO PARA LA PROMOCIÓN Y DESARROLLO DEL CINE MEXICANO DEL DISTRITO FEDERAL,0,0,0,0,0,0,0,0,0,0,0,0
JUSTICIA,SECTOR PARAESTATAL (ENTIDADES / ORGANISMOS),FONDO DE DESARROLLO ECONÓMICO DEL DISTRITO FEDERAL,0,0,989,"11,487","20,159","20,159","20,159","20,159",0,0,0,0
JUSTICIA,SECTOR PARAESTATAL (ENTIDADES / ORGANISMOS),FONDO MIXTO DE PROMOCIÓN TURÍSTICA DEL DISTRITO FEDERAL,0,0,0,0,0,0,0,0,0,0,0,0
JUSTICIA,SECTOR PARAESTATAL (ENTIDADES / ORGANISMOS),FONDO PARA LA ATENCIÓN Y APOYO A LAS VÍCTIMAS DEL DELITO,0,"70,767","91,436","393,934","492,820","1,052,820","1,435,606","965,606",0,0,0,0
JUSTICIA,SECTOR PARAESTATAL (ENTIDADES / ORGANISMOS),INSTITUTO DE CAPACITACIÓN PARA EL TRABAJO DE LA CIUDAD DE MÉXICO,0,0,0,0,0,0,0,0,0,0,0,0
JUSTICIA,SECTOR PARAESTATAL (ENTIDADES / ORGANISMOS),INSTITUTO DE EDUCACIÓN MEDIA SUPERIOR DEL DISTRITO FEDERAL,0,0,0,0,0,"168,000","199,278","199,278",0,0,0,0
JUSTICIA,SECTOR PARAESTATAL (ENTIDADES / ORGANISMOS),INSTITUTO DE LA JUVENTUD DEL DISTRITO FEDERAL,0,"21,284","50,288","98,289","273,623","583,420","628,226","628,226",0,0,0,0
JUSTICIA,SECTOR PARAESTATAL (ENTIDADES / ORGANISMOS),INSTITUTO DE LAS MUJERES DEL DISTRITO FEDERAL,"4,651,646","11,759,583","21,476,232","28,710,106","41,249,669","49,028,017","59,614,577","59,614,577",0,0,0,0
JUSTICIA,SECTOR PARAESTATAL (ENTIDADES / ORGANISMOS),INSTITUTO DE VIVIENDA DEL DISTRITO FEDERAL,0,0,0,0,0,0,0,0,0,0,0,0
JUSTICIA,SECTOR PARAESTATAL (ENTIDADES / ORGANISMOS),INSTITUTO DEL DEPORTE DEL DISTRITO FEDERAL,"45,602","162,204","290,632","363,990","472,723","580,209","661,311","661,311",0,0,0,0
JUSTICIA,SECTOR PARAESTATAL (ENTIDADES / ORGANISMOS),INSTITUTO PARA LA ATENCIÓN Y PREVENCIÓN DE LAS ADICCIONES DE LA CIUDAD DE MÉXICO,0,0,0,0,0,0,0,0,0,0,0,0
JUSTICIA,SECTOR PARAESTATAL (ENTIDADES / ORGANISMOS),INSTITUTO PARA LA INTEGRACIÓN AL DESARROLLO DE LAS PERSONAS CON DISCAPACIDAD DEL DISTRITO FEDERAL,0,0,0,0,0,0,"5,070","5,070",0,0,0,0
JUSTICIA,SECTOR PARAESTATAL (ENTIDADES / ORGANISMOS),INSTITUTO PARA LA SEGURIDAD DE LAS CONSTRUCCIONES DEL DISTRITO FEDERAL,0,0,0,0,0,0,0,0,0,0,0,0
JUSTICIA,SECTOR PARAESTATAL (ENTIDADES / ORGANISMOS),METROBÚS,0,0,0,0,0,0,0,0,0,0,0,0
JUSTICIA,SECTOR PARAESTATAL (ENTIDADES / ORGANISMOS),"PROCDMX, S.A. DE C.V.",0,"250,794","376,191","507,588","638,985","769,381","908,766","908,766",0,0,0,0
JUSTICIA,SECTOR PARAESTATAL (ENTIDADES / ORGANISMOS),PROCURADURÍA AMBIENTAL Y DEL ORDENAMIENTO TERRITORIAL DEL DISTRITO FEDERAL,"3,095,941","7,292,037","11,958,118","15,978,952","20,032,907","24,551,628","27,989,104","27,989,104",0,0,0,0
JUSTICIA,SECTOR PARAESTATAL (ENTIDADES / ORGANISMOS),PROCURADURÍA SOCIAL DEL DISTRITO FEDERAL,0,"6,897,776","13,219,726","19,142,659","19,142,659","35,201,458","45,493,470","45,493,470",0,0,0,0
JUSTICIA,SECTOR PARAESTATAL (ENTIDADES / ORGANISMOS),RED DE TRANSPORTE DE PASAJEROS DEL DISTRITO FEDERAL,0,0,0,0,0,0,0,0,0,0,0,0
JUSTICIA,SECTOR PARAESTATAL (ENTIDADES / ORGANISMOS),SERVICIO DE TRANSPORTES ELÉCTRICOS DEL DISTRITO FEDERAL,0,"15,000","30,000","45,000","60,000","75,000","75,000","75,000",0,0,0,0
JUSTICIA,SECTOR PARAESTATAL (ENTIDADES / ORGANISMOS),"SERVICIOS METROPOLITANOS, S.A. DE C.V.",0,0,0,0,0,0,0,0,0,0,0,0
JUSTICIA,SECTOR PARAESTATAL (ENTIDADES / ORGANISMOS),SISTEMA PARA EL DESARROLLO INTEGRAL DE LA FAMILIA DEL DISTRITO FEDERAL,0,0,0,0,0,"2,498,679","2,887,135","2,887,135",0,0,0,0
LEGISLACIÓN,ÓRGANOS DE GOBIERNO Y AUTÓNOMOS,ASAMBLEA LEGISLATIVA DEL DISTRITO FEDERAL,"140,035,217","276,154,531","420,258,065","552,454,999","693,798,313","831,450,127","1,053,133,567","1,192,181,214",0,0,0,0
LEGISLACIÓN,ÓRGANOS DE GOBIERNO Y AUTÓNOMOS,AUDITORÍA SUPERIOR DE LA CIUDAD DE MÉXICO,"45,584,104","84,401,768","126,616,689","165,331,879","203,344,815","249,272,595","334,858,989","395,581,514",0,0,0,0
OTRAS INDUSTRIAS Y OTROS ASUNTOS ECONÓMICOS,DELEGACIONES,DELEGACIÓN AZCAPOTZALCO,"491,901","491,901","596,472","671,339","1,323,484","1,371,118","1,432,352","1,447,931",0,0,0,0
OTRAS INDUSTRIAS Y OTROS ASUNTOS ECONÓMICOS,DELEGACIONES,DELEGACIÓN COYOACÁN,"175,845","571,988","870,637","1,337,128","1,616,596","2,028,689","2,379,115","2,806,860",0,0,0,0
OTRAS INDUSTRIAS Y OTROS ASUNTOS ECONÓMICOS,DELEGACIONES,DELEGACIÓN CUAJIMALPA DE MORELOS,"2,874,327","3,991,898","6,081,115","7,887,136","9,288,502","10,290,138","11,231,977","11,853,030",0,0,0,0
OTRAS INDUSTRIAS Y OTROS ASUNTOS ECONÓMICOS,DELEGACIONES,DELEGACIÓN GUSTAVO A. MADERO,0,0,0,0,0,"199,431","199,431","199,431",0,0,0,0
OTRAS INDUSTRIAS Y OTROS ASUNTOS ECONÓMICOS,DELEGACIONES,DELEGACIÓN IZTAPALAPA,0,0,0,0,0,0,0,0,0,0,0,0
OTRAS INDUSTRIAS Y OTROS ASUNTOS ECONÓMICOS,DELEGACIONES,DELEGACIÓN LA MAGDALENA CONTRERAS,"743,222","882,170","1,066,375","1,337,467","1,626,079","1,934,975","2,129,318","2,443,445",0,0,0,0
OTRAS INDUSTRIAS Y OTROS ASUNTOS ECONÓMICOS,DELEGACIONES,DELEGACIÓN MIGUEL HIDALGO,"110,479","285,566","331,914","459,466","576,812","688,334","800,704","908,803",0,0,0,0
OTRAS INDUSTRIAS Y OTROS ASUNTOS ECONÓMICOS,DELEGACIONES,DELEGACIÓN MILPA ALTA,0,0,0,0,0,0,0,0,0,0,0,0
OTRAS INDUSTRIAS Y OTROS ASUNTOS ECONÓMICOS,DELEGACIONES,DELEGACIÓN TLÁHUAC,"41,140","289,995","487,526","835,497","1,063,301","1,376,468","1,558,617","1,797,906",0,0,0,0
OTRAS INDUSTRIAS Y OTROS ASUNTOS ECONÓMICOS,DELEGACIONES,DELEGACIÓN VENUSTIANO CARRANZA,0,0,0,0,0,0,0,0,0,0,0,0
OTRAS INDUSTRIAS Y OTROS ASUNTOS ECONÓMICOS,DELEGACIONES,DELEGACIÓN XOCHIMILCO,0,0,0,0,0,0,0,0,0,0,0,0
OTRAS INDUSTRIAS Y OTROS ASUNTOS ECONÓMICOS,DEPENDENCIAS,SECRETARÍA DE DESARROLLO ECONÓMICO DEL DISTRITO FEDERAL,"430,933","1,066,065","1,501,625","1,979,477","2,581,994","3,361,358","4,294,718","4,894,164",0,0,0,0
OTRAS INDUSTRIAS Y OTROS ASUNTOS ECONÓMICOS,DEPENDENCIAS,SECRETARÍA DE DESARROLLO RURAL Y EQUIDAD PARA LAS COMUNIDADES DEL DISTRITO FEDERAL,0,"86,720","86,720","130,080","173,440","216,800","260,160","303,520",0,0,0,0
OTRAS INDUSTRIAS Y OTROS ASUNTOS ECONÓMICOS,DEPENDENCIAS,SECRETARÍA DE TURISMO DEL DISTRITO FEDERAL,0,0,0,0,0,0,0,0,0,0,0,0
OTRAS INDUSTRIAS Y OTROS ASUNTOS ECONÓMICOS,ÓRGANOS DESCONCENTRADOS,PLANTA DE ASFALTO DEL DISTRITO FEDERAL,"7,800,082","25,076,360","41,902,213","58,077,556","79,445,103","97,411,628","109,836,661","118,969,220",0,0,0,0
OTRAS INDUSTRIAS Y OTROS ASUNTOS ECONÓMICOS,SECTOR PARAESTATAL (ENTIDADES / ORGANISMOS),"CORPORACIÓN MEXICANA DE IMPRESIÓN, S.A. DE C.V.","45,846,303","98,536,576","148,750,265","167,298,371","202,366,794","309,129,600","376,035,056","376,035,056",0,0,0,0
OTRAS INDUSTRIAS Y OTROS ASUNTOS ECONÓMICOS,SECTOR PARAESTATAL (ENTIDADES / ORGANISMOS),FIDEICOMISO MUSEO DE ARTE POPULAR MEXICANO,0,0,0,0,0,0,0,0,0,0,0,0
OTRAS INDUSTRIAS Y OTROS ASUNTOS ECONÓMICOS,SECTOR PARAESTATAL (ENTIDADES / ORGANISMOS),FONDO PARA EL DESARROLLO SOCIAL DE LA CIUDAD DE MÉXICO,"3,143,918","9,478,676","22,248,467","34,411,215","49,651,181","89,395,875","111,749,719","111,749,719",0,0,0,0
OTRAS INDUSTRIAS Y OTROS ASUNTOS ECONÓMICOS,SECTOR PARAESTATAL (ENTIDADES / ORGANISMOS),"SERVICIOS METROPOLITANOS, S.A. DE C.V.","430,450","1,801,642","8,557,849","11,649,455","15,247,415","16,684,886","18,673,443","18,673,443",0,0,0,0
OTROS ASUNTOS SOCIALES,DELEGACIONES,DELEGACIÓN COYOACÁN,0,0,0,0,0,0,0,0,0,0,0,0
OTROS ASUNTOS SOCIALES,DEPENDENCIAS,SECRETARÍA DE DESARROLLO SOCIAL DEL DISTRITO FEDERAL,"31,027,928","101,508,415","117,468,063","165,498,121","207,178,411","255,497,755","340,884,355","458,792,436",0,0,0,0
OTROS ASUNTOS SOCIALES,DEPENDENCIAS,SECRETARÍA DE SEGURIDAD PÚBLICA DEL DISTRITO FEDERAL,0,115,115,"45,115","52,945","64,945","64,945","66,142",0,0,0,0
OTROS ASUNTOS SOCIALES,DEPENDENCIAS,SECRETARÍA DE TURISMO DEL DISTRITO FEDERAL,"577,904","1,269,986","2,039,320","5,719,581","8,989,882","10,663,607","12,972,240","17,162,147",0,0,0,0
OTROS ASUNTOS SOCIALES,SECTOR PARAESTATAL (ENTIDADES / ORGANISMOS),CAJA DE PREVISIÓN DE LA POLICÍA AUXILIAR DEL DISTRITO FEDERAL,"1,753","385,549","758,170","1,133,704","1,602,473","1,975,643","2,363,347","2,363,347",0,0,0,0
OTROS ASUNTOS SOCIALES,SECTOR PARAESTATAL (ENTIDADES / ORGANISMOS),CAJA DE PREVISIÓN DE LA POLICÍA PREVENTIVA DEL DISTRITO FEDERAL,0,"145,500","400,500","1,115,500","1,456,000","1,636,000","2,381,000","2,381,000",0,0,0,0
OTROS ASUNTOS SOCIALES,SECTOR PARAESTATAL (ENTIDADES / ORGANISMOS),CAJA DE PREVISIÓN PARA TRABAJADORES A LISTA DE RAYA DEL GOBIERNO DEL DISTRITO FEDERAL,"13,842,629","38,106,859","63,108,291","95,874,363","127,903,083","155,831,916","175,754,982","175,754,982",0,0,0,0
OTROS ASUNTOS SOCIALES,SECTOR PARAESTATAL (ENTIDADES / ORGANISMOS),CONSEJO PARA PREVENIR Y ELIMINAR LA DISCRIMINACIÓN DE LA CIUDAD DE MÉXICO,"874,131","2,760,938","3,843,837","5,323,021","7,139,594","8,651,737","11,738,798","11,738,798",0,0,0,0
OTROS ASUNTOS SOCIALES,SECTOR PARAESTATAL (ENTIDADES / ORGANISMOS),INSTITUTO DE LA JUVENTUD DEL DISTRITO FEDERAL,0,0,0,0,0,0,0,0,0,0,0,0
OTROS ASUNTOS SOCIALES,SECTOR PARAESTATAL (ENTIDADES / ORGANISMOS),PROCURADURÍA SOCIAL DEL DISTRITO FEDERAL,0,0,"860,293","2,092,213","2,092,213","4,350,761","4,980,244","4,980,244",0,0,0,0
OTROS SERVICIOS GENERALES,DELEGACIONES,DELEGACIÓN ÁLVARO OBREGÓN,"43,046,136","87,577,906","152,473,145","211,324,265","280,581,988","346,983,914","436,961,392","511,040,816",0,0,0,0
OTROS SERVICIOS GENERALES,DELEGACIONES,DELEGACIÓN AZCAPOTZALCO,"7,996,758","16,367,245","24,841,601","31,637,556","41,319,897","62,187,350","72,033,687","85,034,915",0,0,0,0
OTROS SERVICIOS GENERALES,DELEGACIONES,DELEGACIÓN BENITO JUÁREZ,"27,678,808","50,651,209","80,323,805","115,557,982","143,620,748","198,726,890","230,028,211","278,958,665",0,0,0,0
OTROS SERVICIOS GENERALES,DELEGACIONES,DELEGACIÓN COYOACÁN,"17,967,073","38,833,798","62,548,533","88,643,941","112,969,982","142,077,551","160,670,566","191,339,403",0,0,0,0
OTROS SERVICIOS GENERALES,DELEGACIONES,DELEGACIÓN CUAJIMALPA DE MORELOS,"1,542,347","6,370,725","17,163,911","25,356,087","35,712,774","46,026,086","58,119,271","74,085,531",0,0,0,0
OTROS SERVICIOS GENERALES,DELEGACIONES,DELEGACIÓN CUAUHTÉMOC,"16,891,941","36,312,404","53,502,368","72,996,297","97,994,202","117,506,004","149,473,334","177,920,264",0,0,0,0
OTROS SERVICIOS GENERALES,DELEGACIONES,DELEGACIÓN GUSTAVO A. MADERO,"87,582,412","160,913,414","248,778,979","337,816,664","441,160,234","532,121,102","611,073,448","695,079,311",0,0,0,0
OTROS SERVICIOS GENERALES,DELEGACIONES,DELEGACIÓN IZTACALCO,"25,278,100","59,036,529","95,885,221","132,691,807","182,365,893","220,241,213","256,109,235","300,476,351",0,0,0,0
OTROS SERVICIOS GENERALES,DELEGACIONES,DELEGACIÓN IZTAPALAPA,"8,749,846","17,502,218","29,017,643","39,692,176","65,465,437","79,796,884","102,526,737","119,568,509",0,0,0,0
OTROS SERVICIOS GENERALES,DELEGACIONES,DELEGACIÓN LA MAGDALENA CONTRERAS,"5,792,306","11,659,897","17,632,659","24,084,576","35,015,452","45,425,905","54,393,276","62,721,226",0,0,0,0
OTROS SERVICIOS GENERALES,DELEGACIONES,DELEGACIÓN MIGUEL HIDALGO,"12,706,698","28,386,867","41,966,303","59,780,093","81,033,962","99,533,391","118,813,496","134,925,056",0,0,0,0
OTROS SERVICIOS GENERALES,DELEGACIONES,DELEGACIÓN MILPA ALTA,"36,199,297","81,164,994","131,283,152","184,602,481","242,455,869","301,256,948","347,890,253","411,313,195",0,0,0,0
OTROS SERVICIOS GENERALES,DELEGACIONES,DELEGACIÓN TLÁHUAC,"44,862,727","78,419,607","108,589,602","140,207,200","178,803,574","214,322,269","244,465,488","279,972,609",0,0,0,0
OTROS SERVICIOS GENERALES,DELEGACIONES,DELEGACIÓN TLALPAN,"19,325,937","58,799,397","111,489,550","161,115,374","192,120,412","257,594,676","308,462,553","360,490,920",0,0,0,0
OTROS SERVICIOS GENERALES,DELEGACIONES,DELEGACIÓN VENUSTIANO CARRANZA,"17,537,607","28,467,613","41,385,616","51,696,304","70,950,056","84,063,978","96,863,998","107,918,760",0,0,0,0
OTROS SERVICIOS GENERALES,DELEGACIONES,DELEGACIÓN XOCHIMILCO,"21,243,801","52,640,950","98,599,730","140,921,035","171,932,716","229,242,944","281,667,959","333,641,707",0,0,0,0
OTROS SERVICIOS GENERALES,DEPENDENCIAS,CONSEJERÍA JURÍDICA Y DE SERVICIOS LEGALES,"34,472,198","74,868,631","120,698,501","167,088,900","224,922,635","270,151,747","339,908,389","388,094,046",0,0,0,0
OTROS SERVICIOS GENERALES,DEPENDENCIAS,CONTRALORÍA GENERAL,"3,481,684","8,168,266","13,493,884","24,477,779","30,584,744","38,028,489","49,412,413","54,344,170",0,0,0,0
OTROS SERVICIOS GENERALES,DEPENDENCIAS,OFICIALÍA MAYOR,"61,905,436","142,989,420","199,151,084","281,070,937","350,948,490","425,641,832","495,948,226","598,165,123",0,0,0,0
OTROS SERVICIOS GENERALES,DEPENDENCIAS,PROCURADURÍA GENERAL DE JUSTICIA DEL DISTRITO FEDERAL,"5,975,456","13,236,387","22,865,907","31,175,165","39,983,986","48,868,787","57,198,616","65,486,045",0,0,0,0
OTROS SERVICIOS GENERALES,DEPENDENCIAS,SECRETARÍA DE DESARROLLO ECONÓMICO DEL DISTRITO FEDERAL,"461,178","1,410,327","2,078,633","2,806,891","3,525,998","4,369,528","5,243,885","5,994,854",0,0,0,0
OTROS SERVICIOS GENERALES,DEPENDENCIAS,SECRETARÍA DE DESARROLLO URBANO Y VIVIENDA DEL DISTRITO FEDERAL,"1,760,521","4,269,776","7,133,790","10,348,870","13,751,087","16,994,786","19,767,513","24,270,223",0,0,0,0
OTROS SERVICIOS GENERALES,DEPENDENCIAS,SECRETARÍA DE FINANZAS DEL DISTRITO FEDERAL,"27,204,659","66,129,660","121,507,556","171,012,830","238,779,916","296,379,091","346,501,334","404,199,694",0,0,0,0
OTROS SERVICIOS GENERALES,DEPENDENCIAS,SECRETARÍA DE GOBIERNO DEL DISTRITO FEDERAL,"13,445,095","70,967,949","106,344,671","124,779,634","149,003,538","174,887,437","205,801,413","229,599,237",0,0,0,0
OTROS SERVICIOS GENERALES,DEPENDENCIAS,SECRETARÍA DE MOVILIDAD DEL DISTRITO FEDERAL,"2,212,834","53,841,972","55,832,513","161,799,463","202,244,474","242,443,900","302,518,431","399,269,558",0,0,0,0
OTROS SERVICIOS GENERALES,DEPENDENCIAS,SECRETARÍA DE OBRAS Y SERVICIOS DEL DISTRITO FEDERAL,"19,503,270","42,319,270","66,895,691","94,058,499","122,496,359","151,214,298","178,336,437","215,412,326",0,0,0,0
OTROS SERVICIOS GENERALES,DEPENDENCIAS,SECRETARÍA DE SEGURIDAD PÚBLICA DEL DISTRITO FEDERAL,"46,928,850","117,931,164","216,080,636","369,349,640","463,161,015","551,497,524","651,601,651","750,428,478",0,0,0,0
OTROS SERVICIOS GENERALES,DEPENDENCIAS,SECRETARÍA DEL TRABAJO Y FOMENTO AL EMPLEO DEL DISTRITO FEDERAL,"748,189","2,624,791","5,648,547","8,426,614","10,843,582","13,719,561","16,862,804","19,436,240",0,0,0,0
OTROS SERVICIOS GENERALES,ÓRGANOS DE GOBIERNO Y AUTÓNOMOS,INSTITUTO DE ACCESO A LA INFORMACIÓN PÚBLICA Y PROTECCIÓN DE DATOS PERSONALES DEL DISTRITO FEDERAL,"9,912,938","20,817,170","31,721,402","42,625,634","53,529,866","64,434,098","75,173,117","85,912,133",0,0,0,0
OTROS SERVICIOS GENERALES,ÓRGANOS DESCONCENTRADOS,AUTORIDAD DEL ESPACIO PÚBLICO DEL DISTRITO FEDERAL,0,"24,417","97,915","819,723","1,307,528","1,462,385","1,866,336","2,660,185",0,0,0,0
OTROS SERVICIOS GENERALES,ÓRGANOS DESCONCENTRADOS,CENTRO DE ATENCIÓN A EMERGENCIAS Y PROTECCIÓN CIUDADANA DE LA  CIUDAD DE MÉXICO,"2,720,839","6,546,234","10,119,250","13,307,336","17,381,485","21,225,329","24,618,600","28,167,984",0,0,0,0
OTROS SERVICIOS GENERALES,SECTOR PARAESTATAL (ENTIDADES / ORGANISMOS),CAJA DE PREVISIÓN DE LA POLICÍA PREVENTIVA DEL DISTRITO FEDERAL,"2,999,144","7,426,170","12,402,338","17,445,668","22,801,020","28,717,931","34,428,841","34,428,841",0,0,0,0
OTROS SERVICIOS GENERALES,SECTOR PARAESTATAL (ENTIDADES / ORGANISMOS),CAJA DE PREVISIÓN PARA TRABAJADORES A LISTA DE RAYA DEL GOBIERNO DEL DISTRITO FEDERAL,"2,937,727","6,913,687","11,080,538","15,202,753","19,341,703","22,961,550","27,331,958","27,331,958",0,0,0,0
OTROS SERVICIOS GENERALES,SECTOR PARAESTATAL (ENTIDADES / ORGANISMOS),ESCUELA DE ADMINISTRACIÓN PÚBLICA DEL DISTRITO FEDERAL,"431,638","1,777,457","3,477,121","5,116,240","7,068,332","8,800,815","10,471,973","10,471,973",0,0,0,0
OTROS SERVICIOS GENERALES,SECTOR PARAESTATAL (ENTIDADES / ORGANISMOS),FIDEICOMISO DE RECUPERACIÓN CREDITICIA DEL DISTRITO FEDERAL,"935,936","2,114,020","3,919,211","5,182,363","6,616,141","8,143,327","9,799,951","9,799,951",0,0,0,0
OTROS SERVICIOS GENERALES,SECTOR PARAESTATAL (ENTIDADES / ORGANISMOS),INSTITUTO DE LA JUVENTUD DEL DISTRITO FEDERAL,"578,726","2,145,914","3,593,766","5,654,730","7,546,032","9,131,538","10,764,036","10,764,036",0,0,0,0
OTROS SERVICIOS GENERALES,SECTOR PARAESTATAL (ENTIDADES / ORGANISMOS),INSTITUTO DE VERIFICACIÓN ADMINISTRATIVA DEL DISTRITO FEDERAL,"2,396,608","5,412,133","10,684,573","14,464,020","19,589,180","23,059,782","28,613,846","29,134,271",0,0,0,0
OTROS SERVICIOS GENERALES,SECTOR PARAESTATAL (ENTIDADES / ORGANISMOS),INSTITUTO PARA LA INTEGRACIÓN AL DESARROLLO DE LAS PERSONAS CON DISCAPACIDAD DEL DISTRITO FEDERAL,"759,622","2,906,030","4,585,406","6,860,351","8,744,721","10,717,781","12,532,960","12,532,960",0,0,0,0
OTROS SERVICIOS GENERALES,SECTOR PARAESTATAL (ENTIDADES / ORGANISMOS),PROCURADURÍA AMBIENTAL Y DEL ORDENAMIENTO TERRITORIAL DEL DISTRITO FEDERAL,"1,518,315","3,696,767","8,181,897","11,689,381","15,988,129","19,731,353","23,878,761","23,878,761",0,0,0,0
OTROS SERVICIOS GENERALES,SECTOR PARAESTATAL (ENTIDADES / ORGANISMOS),RED DE TRANSPORTE DE PASAJEROS DEL DISTRITO FEDERAL,"8,751,320","20,704,976","30,443,010","47,784,442","62,217,176","80,475,820","100,312,011","100,312,011",0,0,0,0
OTROS SERVICIOS GENERALES,SECTOR PARAESTATAL (ENTIDADES / ORGANISMOS),SERVICIO DE TRANSPORTES ELÉCTRICOS DEL DISTRITO FEDERAL,"13,577,490","41,548,756","68,238,590","109,063,543","133,909,640","176,056,280","225,878,665","225,878,665",0,0,0,0
OTROS SERVICIOS GENERALES,SECTOR PARAESTATAL (ENTIDADES / ORGANISMOS),"SERVICIOS METROPOLITANOS, S.A. DE C.V.","1,595,567","4,292,618","11,372,308","13,677,374","17,642,019","21,402,769","24,280,933","24,280,933",0,0,0,0
OTROS SERVICIOS GENERALES,SECTOR PARAESTATAL (ENTIDADES / ORGANISMOS),SISTEMA DE TRANSPORTE COLECTIVO METRO,"91,482,578","182,019,504","276,250,594","445,002,049","705,826,050","904,810,793","1,285,387,887","1,285,387,887",0,0,0,0
OTROS SERVICIOS GENERALES,SECTOR PARAESTATAL (ENTIDADES / ORGANISMOS),SISTEMA PARA EL DESARROLLO INTEGRAL DE LA FAMILIA DEL DISTRITO FEDERAL,"13,369,924","25,898,697","40,206,319","57,399,270","71,192,693","90,621,618","105,234,301","105,234,301",0,0,0,0
PROTECCIÓN AMBIENTAL,DELEGACIONES,DELEGACIÓN ÁLVARO OBREGÓN,"7,024,321","16,092,077","24,467,150","34,893,695","44,058,441","51,730,626","60,353,938","71,886,986",0,0,0,0
PROTECCIÓN AMBIENTAL,DELEGACIONES,DELEGACIÓN AZCAPOTZALCO,"11,251,049","22,236,623","33,670,847","48,338,601","61,823,019","74,575,047","85,805,894","99,607,247",0,0,0,0
PROTECCIÓN AMBIENTAL,DELEGACIONES,DELEGACIÓN BENITO JUÁREZ,"12,339,062","28,601,109","47,849,366","63,154,109","89,025,370","110,692,481","130,556,709","144,051,578",0,0,0,0
PROTECCIÓN AMBIENTAL,DELEGACIONES,DELEGACIÓN COYOACÁN,"10,796,051","20,780,646","34,647,745","52,014,044","74,628,363","85,510,734","103,183,924","114,264,694",0,0,0,0
PROTECCIÓN AMBIENTAL,DELEGACIONES,DELEGACIÓN CUAJIMALPA DE MORELOS,"6,809,890","18,194,585","34,511,954","45,792,784","68,199,869","87,671,614","101,265,076","122,461,031",0,0,0,0
PROTECCIÓN AMBIENTAL,DELEGACIONES,DELEGACIÓN CUAUHTÉMOC,"63,652,131","110,334,704","168,226,222","215,103,527","287,939,003","355,689,322","403,362,671","473,095,117",0,0,0,0
PROTECCIÓN AMBIENTAL,DELEGACIONES,DELEGACIÓN GUSTAVO A. MADERO,0,0,"243,252","335,636","640,278","3,620,150","3,699,438","3,699,438",0,0,0,0
PROTECCIÓN AMBIENTAL,DELEGACIONES,DELEGACIÓN IZTACALCO,"9,069,896","12,125,308","15,808,896","30,626,261","41,744,538","50,315,449","55,740,738","66,228,961",0,0,0,0
PROTECCIÓN AMBIENTAL,DELEGACIONES,DELEGACIÓN IZTAPALAPA,"4,898,844","5,353,344","25,979,610","48,593,221","77,489,038","96,154,726","125,931,520","137,286,319",0,0,0,0
PROTECCIÓN AMBIENTAL,DELEGACIONES,DELEGACIÓN LA MAGDALENA CONTRERAS,"8,616,158","14,677,418","20,020,201","27,786,095","35,464,504","43,457,456","53,733,507","66,437,435",0,0,0,0
PROTECCIÓN AMBIENTAL,DELEGACIONES,DELEGACIÓN MIGUEL HIDALGO,"13,159,567","29,502,285","51,525,992","72,248,319","98,102,341","116,315,576","142,905,028","175,149,431",0,0,0,0
PROTECCIÓN AMBIENTAL,DELEGACIONES,DELEGACIÓN MILPA ALTA,0,0,0,0,"941,418","956,399","2,543,393","2,918,002",0,0,0,0
PROTECCIÓN AMBIENTAL,DELEGACIONES,DELEGACIÓN TLÁHUAC,"2,651,372","11,656,286","25,163,998","35,904,928","44,236,989","54,163,529","67,425,593","78,809,149",0,0,0,0
PROTECCIÓN AMBIENTAL,DELEGACIONES,DELEGACIÓN TLALPAN,"9,777,700","19,252,374","29,514,306","38,761,794","51,303,760","64,928,478","74,761,616","84,551,705",0,0,0,0
PROTECCIÓN AMBIENTAL,DELEGACIONES,DELEGACIÓN VENUSTIANO CARRANZA,"19,400,213","40,101,281","57,427,351","86,234,223","117,248,683","136,105,120","162,580,276","185,334,800",0,0,0,0
PROTECCIÓN AMBIENTAL,DELEGACIONES,DELEGACIÓN XOCHIMILCO,"15,174,700","30,096,096","44,940,244","60,040,296","81,784,922","96,585,105","112,223,325","127,544,134",0,0,0,0
PROTECCIÓN AMBIENTAL,DEPENDENCIAS,SECRETARÍA DE MEDIO AMBIENTE DEL DISTRITO FEDERAL,"46,842,104","98,109,461","169,191,106","284,079,191","453,653,759","608,951,263","705,471,486","826,700,518",0,0,0,0
PROTECCIÓN AMBIENTAL,DEPENDENCIAS,SECRETARÍA DE OBRAS Y SERVICIOS DEL DISTRITO FEDERAL,"20,028,591","55,919,061","77,543,120","442,563,328","722,049,462","804,593,250","889,644,474","1,188,923,595",0,0,0,0
PROTECCIÓN AMBIENTAL,ÓRGANOS DESCONCENTRADOS,"AUTORIDAD DE LA ZONA PATRIMONIO MUNDIAL NATURAL Y CULTURAL DE LA HUMANIDAD EN XOCHIMILCO, TLÁHUAC Y MILPA ALTA","751,656","1,677,605","2,678,437","3,659,628","4,612,769","5,724,952","6,803,947","7,748,564",0,0,0,0
PROTECCIÓN AMBIENTAL,ÓRGANOS DESCONCENTRADOS,SISTEMA DE AGUAS DE LA CIUDAD DE MÉXICO,"170,185,274","305,768,071","461,674,659","729,052,723","1,297,203,576","1,697,388,528","2,018,356,273","2,245,545,933",0,0,0,0
PROTECCIÓN AMBIENTAL,SECTOR PARAESTATAL (ENTIDADES / ORGANISMOS),FONDO AMBIENTAL PÚBLICO DEL DISTRITO FEDERAL,0,"13,200,294","19,798,324","30,720,958","45,493,944","126,868,819","150,288,008","150,288,008",0,0,0,0
PROTECCIÓN AMBIENTAL,SECTOR PARAESTATAL (ENTIDADES / ORGANISMOS),"SERVICIOS METROPOLITANOS, S.A. DE C.V.",0,613,"1,350","7,918","10,774","40,538","51,238","51,238",0,0,0,0
PROTECCIÓN SOCIAL,DELEGACIONES,DELEGACIÓN ÁLVARO OBREGÓN,"1,319,202","2,633,813","5,856,549","9,007,201","13,211,130","14,600,689","17,633,320","21,061,400",0,0,0,0
PROTECCIÓN SOCIAL,DELEGACIONES,DELEGACIÓN AZCAPOTZALCO,"3,446,650","5,149,390","8,730,148","10,532,890","19,625,055","22,218,756","25,009,199","29,510,237",0,0,0,0
PROTECCIÓN SOCIAL,DELEGACIONES,DELEGACIÓN BENITO JUÁREZ,"1,983,691","4,473,866","6,588,580","8,445,698","11,812,824","15,066,494","17,038,844","18,601,223",0,0,0,0
PROTECCIÓN SOCIAL,DELEGACIONES,DELEGACIÓN COYOACÁN,"8,297,723","16,836,134","26,188,901","35,139,938","65,370,478","98,943,095","116,377,162","142,259,278",0,0,0,0
PROTECCIÓN SOCIAL,DELEGACIONES,DELEGACIÓN CUAJIMALPA DE MORELOS,"3,169,237","4,299,132","13,613,713","15,744,363","19,519,498","21,219,237","25,930,180","33,681,935",0,0,0,0
PROTECCIÓN SOCIAL,DELEGACIONES,DELEGACIÓN CUAUHTÉMOC,"12,565,465","28,734,520","50,239,685","70,230,562","95,761,906","110,870,702","148,746,665","165,130,507",0,0,0,0
PROTECCIÓN SOCIAL,DELEGACIONES,DELEGACIÓN GUSTAVO A. MADERO,0,0,0,0,"351,541","351,541","385,172","8,930,592",0,0,0,0
PROTECCIÓN SOCIAL,DELEGACIONES,DELEGACIÓN IZTACALCO,"376,924","987,508","1,104,068","1,674,049","6,653,253","10,037,690","36,471,346","45,999,487",0,0,0,0
PROTECCIÓN SOCIAL,DELEGACIONES,DELEGACIÓN IZTAPALAPA,"21,014,730","63,763,862","102,267,073","140,537,606","212,176,351","302,317,539","355,605,880","433,068,110",0,0,0,0
PROTECCIÓN SOCIAL,DELEGACIONES,DELEGACIÓN LA MAGDALENA CONTRERAS,"2,813,603","7,261,063","16,048,591","22,557,110","37,820,119","45,058,141","67,205,346","82,006,186",0,0,0,0
PROTECCIÓN SOCIAL,DELEGACIONES,DELEGACIÓN MIGUEL HIDALGO,"3,184,718","6,619,652","9,826,765","13,307,114","20,402,867","23,508,595","27,409,662","31,857,391",0,0,0,0
PROTECCIÓN SOCIAL,DELEGACIONES,DELEGACIÓN MILPA ALTA,0,0,0,0,0,"2,556,441","2,600,492","2,600,492",0,0,0,0
PROTECCIÓN SOCIAL,DELEGACIONES,DELEGACIÓN TLÁHUAC,"837,666","2,832,135","9,855,053","17,170,244","21,998,197","27,435,245","31,574,351","45,406,074",0,0,0,0
PROTECCIÓN SOCIAL,DELEGACIONES,DELEGACIÓN TLALPAN,"11,407,831","23,043,413","34,008,928","45,098,809","62,637,769","75,000,246","87,170,954","100,941,663",0,0,0,0
PROTECCIÓN SOCIAL,DELEGACIONES,DELEGACIÓN VENUSTIANO CARRANZA,"5,813,210","14,709,036","28,408,131","38,174,657","55,923,515","72,449,652","89,753,186","103,503,884",0,0,0,0
PROTECCIÓN SOCIAL,DELEGACIONES,DELEGACIÓN XOCHIMILCO,"5,470,348","10,659,500","18,301,626","26,220,150","33,598,595","40,727,320","48,045,760","55,928,341",0,0,0,0
PROTECCIÓN SOCIAL,DEPENDENCIAS,OFICIALÍA MAYOR,"1,780,462","3,547,898","5,685,579","7,577,540","14,059,324","16,084,360","17,271,313","19,708,759",0,0,0,0
PROTECCIÓN SOCIAL,DEPENDENCIAS,SECRETARÍA DE DESARROLLO RURAL Y EQUIDAD PARA LAS COMUNIDADES DEL DISTRITO FEDERAL,"767,726","2,800,266","4,110,574","5,865,554","7,556,367","9,468,812","12,910,561","18,871,386",0,0,0,0
PROTECCIÓN SOCIAL,DEPENDENCIAS,SECRETARÍA DE DESARROLLO SOCIAL DEL DISTRITO FEDERAL,"1,133,039,896","1,726,393,648","2,358,066,561","2,993,418,880","3,742,508,059","4,378,031,366","5,032,524,870","5,652,837,760",0,0,0,0
PROTECCIÓN SOCIAL,DEPENDENCIAS,SECRETARÍA DE GOBIERNO DEL DISTRITO FEDERAL,0,"321,000","506,552","680,156","910,488","1,128,720","1,344,552","1,562,905",0,0,0,0
PROTECCIÓN SOCIAL,DEPENDENCIAS,SECRETARÍA DEL TRABAJO Y FOMENTO AL EMPLEO DEL DISTRITO FEDERAL,"3,011,495","7,354,517","89,047,663","125,455,077","164,781,501","208,066,587","262,027,905","276,084,500",0,0,0,0
PROTECCIÓN SOCIAL,SECTOR PARAESTATAL (ENTIDADES / ORGANISMOS),CAJA DE PREVISIÓN DE LA POLICÍA AUXILIAR DEL DISTRITO FEDERAL,"14,224,584","28,071,067","42,169,822","56,024,151","71,153,750","86,239,101","102,786,894","102,786,894",0,0,0,0
PROTECCIÓN SOCIAL,SECTOR PARAESTATAL (ENTIDADES / ORGANISMOS),CAJA DE PREVISIÓN DE LA POLICÍA PREVENTIVA DEL DISTRITO FEDERAL,"462,562","22,644,783","363,081,495","722,751,345","919,584,220","1,112,404,695","1,293,807,731","1,293,807,731",0,0,0,0
PROTECCIÓN SOCIAL,SECTOR PARAESTATAL (ENTIDADES / ORGANISMOS),CAJA DE PREVISIÓN PARA TRABAJADORES A LISTA DE RAYA DEL GOBIERNO DEL DISTRITO FEDERAL,"107,492,300","206,573,200","376,692,711","479,320,387","558,647,804","652,392,610","756,568,677","756,568,677",0,0,0,0
PROTECCIÓN SOCIAL,SECTOR PARAESTATAL (ENTIDADES / ORGANISMOS),HEROICO CUERPO DE BOMBEROS DEL DISTRITO FEDERAL,0,0,0,0,0,0,0,0,0,0,0,0
PROTECCIÓN SOCIAL,SECTOR PARAESTATAL (ENTIDADES / ORGANISMOS),INSTITUTO DE CAPACITACIÓN PARA EL TRABAJO DE LA CIUDAD DE MÉXICO,"601,599","1,510,433","2,639,245","4,255,143","5,570,043","6,891,453","7,753,823","7,753,823",0,0,0,0
PROTECCIÓN SOCIAL,SECTOR PARAESTATAL (ENTIDADES / ORGANISMOS),INSTITUTO DE LA JUVENTUD DEL DISTRITO FEDERAL,0,"8,091,609","13,950,041","20,294,752","26,267,486","32,569,123","43,906,611","43,906,611",0,0,0,0
PROTECCIÓN SOCIAL,SECTOR PARAESTATAL (ENTIDADES / ORGANISMOS),SERVICIOS DE SALUD PÚBLICA DEL DISTRITO FEDERAL,0,0,0,0,"297,733","963,960","1,406,419","1,406,419",0,0,0,0
PROTECCIÓN SOCIAL,SECTOR PARAESTATAL (ENTIDADES / ORGANISMOS),SISTEMA DE TRANSPORTE COLECTIVO METRO,"1,823,743","3,790,134","5,672,838","7,530,892","9,852,457","12,561,014","16,051,149","16,051,149",0,0,0,0
PROTECCIÓN SOCIAL,SECTOR PARAESTATAL (ENTIDADES / ORGANISMOS),SISTEMA PARA EL DESARROLLO INTEGRAL DE LA FAMILIA DEL DISTRITO FEDERAL,"37,360,798","214,211,259","407,448,210","563,192,189","723,763,790","978,216,219","1,124,974,617","1,124,974,617",0,0,0,0
"RECREACIÓN, CULTURA Y OTRAS MANIFESTACIONES SOCIALES",DELEGACIONES,DELEGACIÓN ÁLVARO OBREGÓN,"7,181","334,855","814,509","3,955,023","4,525,619","6,825,303","7,489,593","12,350,963",0,0,0,0
"RECREACIÓN, CULTURA Y OTRAS MANIFESTACIONES SOCIALES",DELEGACIONES,DELEGACIÓN AZCAPOTZALCO,"5,548,822","9,955,599","15,928,000","20,754,197","24,709,789","31,710,018","36,406,476","41,640,802",0,0,0,0
"RECREACIÓN, CULTURA Y OTRAS MANIFESTACIONES SOCIALES",DELEGACIONES,DELEGACIÓN BENITO JUÁREZ,"7,083,169","26,602,305","48,017,370","65,337,381","84,426,782","101,468,160","123,724,887","140,366,754",0,0,0,0
"RECREACIÓN, CULTURA Y OTRAS MANIFESTACIONES SOCIALES",DELEGACIONES,DELEGACIÓN COYOACÁN,"5,919,146","12,099,467","19,013,763","30,789,929","44,621,794","54,124,171","62,116,660","72,302,936",0,0,0,0
"RECREACIÓN, CULTURA Y OTRAS MANIFESTACIONES SOCIALES",DELEGACIONES,DELEGACIÓN CUAJIMALPA DE MORELOS,"3,148,614","7,203,658","10,936,019","20,784,273","26,824,822","32,395,334","39,889,418","45,604,737",0,0,0,0
"RECREACIÓN, CULTURA Y OTRAS MANIFESTACIONES SOCIALES",DELEGACIONES,DELEGACIÓN CUAUHTÉMOC,"1,554,480","8,912,027","16,706,804","24,310,701","34,456,931","40,802,395","47,161,155","54,718,026",0,0,0,0
"RECREACIÓN, CULTURA Y OTRAS MANIFESTACIONES SOCIALES",DELEGACIONES,DELEGACIÓN GUSTAVO A. MADERO,0,0,0,"2,647","2,647","6,904,659","7,248,138","7,305,138",0,0,0,0
"RECREACIÓN, CULTURA Y OTRAS MANIFESTACIONES SOCIALES",DELEGACIONES,DELEGACIÓN IZTACALCO,"697,079","1,296,266","2,360,887","2,950,878","11,369,125","24,042,587","30,374,224","34,250,906",0,0,0,0
"RECREACIÓN, CULTURA Y OTRAS MANIFESTACIONES SOCIALES",DELEGACIONES,DELEGACIÓN IZTAPALAPA,"5,865,008","8,234,493","12,369,247","20,382,372","32,464,445","47,300,016","68,176,553","79,807,379",0,0,0,0
"RECREACIÓN, CULTURA Y OTRAS MANIFESTACIONES SOCIALES",DELEGACIONES,DELEGACIÓN LA MAGDALENA CONTRERAS,"1,747,698","3,325,705","6,873,226","10,441,223","13,528,595","20,035,790","24,324,415","29,613,218",0,0,0,0
"RECREACIÓN, CULTURA Y OTRAS MANIFESTACIONES SOCIALES",DELEGACIONES,DELEGACIÓN MIGUEL HIDALGO,"4,573,257","8,965,070","13,256,921","19,368,908","26,329,087","31,203,005","36,899,508","42,058,495",0,0,0,0
"RECREACIÓN, CULTURA Y OTRAS MANIFESTACIONES SOCIALES",DELEGACIONES,DELEGACIÓN MILPA ALTA,0,0,"4,517,986","4,657,986","5,144,986","6,549,524","9,029,097","9,886,720",0,0,0,0
"RECREACIÓN, CULTURA Y OTRAS MANIFESTACIONES SOCIALES",DELEGACIONES,DELEGACIÓN TLÁHUAC,"124,812","346,901","4,287,017","6,745,139","9,681,411","11,917,384","12,887,147","13,671,307",0,0,0,0
"RECREACIÓN, CULTURA Y OTRAS MANIFESTACIONES SOCIALES",DELEGACIONES,DELEGACIÓN TLALPAN,"161,541","333,588","630,744","3,560,225","5,672,558","6,836,590","10,718,518","15,587,460",0,0,0,0
"RECREACIÓN, CULTURA Y OTRAS MANIFESTACIONES SOCIALES",DELEGACIONES,DELEGACIÓN VENUSTIANO CARRANZA,"4,259,815","15,247,491","28,805,051","45,916,098","63,468,727","74,702,738","88,134,014","104,404,463",0,0,0,0
"RECREACIÓN, CULTURA Y OTRAS MANIFESTACIONES SOCIALES",DELEGACIONES,DELEGACIÓN XOCHIMILCO,"6,355,695","12,398,072","18,862,921","26,744,489","35,629,383","42,623,930","50,091,113","56,333,284",0,0,0,0
"RECREACIÓN, CULTURA Y OTRAS MANIFESTACIONES SOCIALES",DEPENDENCIAS,SECRETARÍA DE CULTURA DEL DISTRITO FEDERAL,"20,943,958","52,071,783","84,922,085","122,114,361","174,179,285","212,435,156","257,247,608","295,058,384",0,0,0,0
"RECREACIÓN, CULTURA Y OTRAS MANIFESTACIONES SOCIALES",DEPENDENCIAS,SECRETARÍA DE MEDIO AMBIENTE DEL DISTRITO FEDERAL,"2,721,582","5,361,387","8,661,104","12,585,828","16,246,097","19,506,035","22,597,676","25,852,148",0,0,0,0
"RECREACIÓN, CULTURA Y OTRAS MANIFESTACIONES SOCIALES",DEPENDENCIAS,SECRETARÍA DE OBRAS Y SERVICIOS DEL DISTRITO FEDERAL,"119,547","248,324","309,394","405,815","566,503","31,903,174","33,295,910","42,928,885",0,0,0,0
"RECREACIÓN, CULTURA Y OTRAS MANIFESTACIONES SOCIALES",DEPENDENCIAS,SECRETARÍA DE SEGURIDAD PÚBLICA DEL DISTRITO FEDERAL,0,216,216,216,216,216,783,823,0,0,0,0
"RECREACIÓN, CULTURA Y OTRAS MANIFESTACIONES SOCIALES",ÓRGANOS DESCONCENTRADOS,"AUTORIDAD DE LA ZONA PATRIMONIO MUNDIAL NATURAL Y CULTURAL DE LA HUMANIDAD EN XOCHIMILCO, TLÁHUAC Y MILPA ALTA",0,0,"16,921","29,851","45,417","260,270","358,264","425,207",0,0,0,0
"RECREACIÓN, CULTURA Y OTRAS MANIFESTACIONES SOCIALES",ÓRGANOS DESCONCENTRADOS,SISTEMA DE RADIO Y TELEVISIÓN DIGITAL DEL GOBIERNO DEL DISTRITO FEDERAL,"757,085","11,705,177","21,395,024","31,148,221","46,995,580","60,554,280","70,037,249","78,530,979",0,0,0,0
"RECREACIÓN, CULTURA Y OTRAS MANIFESTACIONES SOCIALES",SECTOR PARAESTATAL (ENTIDADES / ORGANISMOS),CAJA DE PREVISIÓN DE LA POLICÍA AUXILIAR DEL DISTRITO FEDERAL,0,"236,344","348,617","583,519","889,336","1,049,016","1,261,211","1,261,211",0,0,0,0
"RECREACIÓN, CULTURA Y OTRAS MANIFESTACIONES SOCIALES",SECTOR PARAESTATAL (ENTIDADES / ORGANISMOS),CAJA DE PREVISIÓN DE LA POLICÍA PREVENTIVA DEL DISTRITO FEDERAL,0,"18,378","28,941","231,918","708,133","2,987,070","3,077,469","3,077,469",0,0,0,0
"RECREACIÓN, CULTURA Y OTRAS MANIFESTACIONES SOCIALES",SECTOR PARAESTATAL (ENTIDADES / ORGANISMOS),FIDEICOMISO MUSEO DE ARTE POPULAR MEXICANO,"222,893","1,416,715","2,315,853","3,190,615","4,136,677","5,067,388","6,139,340","6,139,340",0,0,0,0
"RECREACIÓN, CULTURA Y OTRAS MANIFESTACIONES SOCIALES",SECTOR PARAESTATAL (ENTIDADES / ORGANISMOS),FIDEICOMISO MUSEO DEL ESTANQUILLO,"821,982","1,682,658","2,766,932","3,680,634","4,818,032","5,878,140","6,783,796","6,783,796",0,0,0,0
"RECREACIÓN, CULTURA Y OTRAS MANIFESTACIONES SOCIALES",SECTOR PARAESTATAL (ENTIDADES / ORGANISMOS),FIDEICOMISO PARA LA PROMOCIÓN Y DESARROLLO DEL CINE MEXICANO DEL DISTRITO FEDERAL,0,0,0,0,"519,375","3,289,973","3,479,603","3,479,603",0,0,0,0
"RECREACIÓN, CULTURA Y OTRAS MANIFESTACIONES SOCIALES",SECTOR PARAESTATAL (ENTIDADES / ORGANISMOS),INSTITUTO DEL DEPORTE DEL DISTRITO FEDERAL,"1,748,102","4,316,401","18,471,772","21,155,011","24,769,398","32,526,496","46,084,312","46,084,312",0,0,0,0
SALUD,DELEGACIONES,DELEGACIÓN ÁLVARO OBREGÓN,0,0,0,"2,250,000","4,500,000","4,500,000","8,792,260","12,759,947",0,0,0,0
SALUD,DELEGACIONES,DELEGACIÓN BENITO JUÁREZ,0,0,0,0,0,0,0,0,0,0,0,0
SALUD,DELEGACIONES,DELEGACIÓN COYOACÁN,"1,010,557","1,904,113","4,032,018","5,470,660","8,354,898","9,705,056","10,633,703","13,371,900",0,0,0,0
SALUD,DELEGACIONES,DELEGACIÓN CUAJIMALPA DE MORELOS,"1,342,661","3,501,263","5,010,496","8,237,108","10,836,516","13,844,533","16,077,413","18,265,738",0,0,0,0
SALUD,DELEGACIONES,DELEGACIÓN GUSTAVO A. MADERO,0,0,0,0,0,"150,003","150,003","150,003",0,0,0,0
SALUD,DELEGACIONES,DELEGACIÓN IZTACALCO,0,0,0,0,0,0,0,0,0,0,0,0
SALUD,DELEGACIONES,DELEGACIÓN IZTAPALAPA,"977,874","1,095,636","1,095,636","1,095,636","3,526,776","3,531,416","3,677,462","4,077,792",0,0,0,0
SALUD,DELEGACIONES,DELEGACIÓN LA MAGDALENA CONTRERAS,"254,088","324,606","366,595","1,082,450","1,631,228","1,711,146","2,215,284","2,309,841",0,0,0,0
SALUD,DELEGACIONES,DELEGACIÓN MIGUEL HIDALGO,"2,279,532","4,757,375","6,674,773","8,888,041","11,422,011","13,419,042","15,411,963","17,787,678",0,0,0,0
SALUD,DELEGACIONES,DELEGACIÓN MILPA ALTA,0,0,0,0,0,0,0,"816,144",0,0,0,0
SALUD,DELEGACIONES,DELEGACIÓN TLÁHUAC,0,"33,912","881,472","1,009,020","2,055,960","2,811,792","3,216,740","3,877,488",0,0,0,0
SALUD,DELEGACIONES,DELEGACIÓN TLALPAN,0,0,0,0,"69,433","86,983","785,758","791,841",0,0,0,0
SALUD,DELEGACIONES,DELEGACIÓN VENUSTIANO CARRANZA,"2,017,449","6,991,615","10,357,649","27,963,021","33,103,941","36,048,551","38,065,517","43,752,625",0,0,0,0
SALUD,DELEGACIONES,DELEGACIÓN XOCHIMILCO,0,0,0,"75,463","201,356","242,903","244,447","274,319",0,0,0,0
SALUD,DEPENDENCIAS,PROCURADURÍA GENERAL DE JUSTICIA DEL DISTRITO FEDERAL,"2,106,149","4,381,819","6,801,786","9,288,542","11,822,209","15,385,340","17,844,268","21,807,334",0,0,0,0
SALUD,DEPENDENCIAS,SECRETARÍA DE DESARROLLO SOCIAL DEL DISTRITO FEDERAL,"1,683,735","6,569,762","9,494,890","16,179,184","17,585,993","24,360,219","28,238,322","35,357,099",0,0,0,0
SALUD,DEPENDENCIAS,SECRETARÍA DE OBRAS Y SERVICIOS DEL DISTRITO FEDERAL,"494,757","1,335,240","1,908,197","5,635,009","6,660,037","7,609,789","8,529,989","9,697,943",0,0,0,0
SALUD,DEPENDENCIAS,SECRETARÍA DE SALUD DEL DISTRITO FEDERAL,"516,212,973","968,813,376","1,548,978,380","2,022,632,588","2,778,908,333","3,332,045,571","3,867,615,112","4,321,232,797",0,0,0,0
SALUD,ÓRGANOS DESCONCENTRADOS,AGENCIA DE PROTECCIÓN SANITARIA DEL GOBIERNO DEL DISTRITO FEDERAL,"395,199","1,657,263","2,504,660","3,411,831","4,380,377","5,348,645","6,285,035","7,618,766",0,0,0,0
SALUD,SECTOR PARAESTATAL (ENTIDADES / ORGANISMOS),CAJA DE PREVISIÓN DE LA POLICÍA AUXILIAR DEL DISTRITO FEDERAL,"1,714,730","37,652,992","70,847,793","108,518,792","135,893,759","190,039,552","249,908,959","249,908,959",0,0,0,0
SALUD,SECTOR PARAESTATAL (ENTIDADES / ORGANISMOS),CAJA DE PREVISIÓN DE LA POLICÍA PREVENTIVA DEL DISTRITO FEDERAL,"11,962,245","11,962,245","36,404,712","36,404,712","36,458,617","36,905,589","37,659,636","37,659,636",0,0,0,0
SALUD,SECTOR PARAESTATAL (ENTIDADES / ORGANISMOS),INSTITUTO PARA LA ATENCIÓN Y PREVENCIÓN DE LAS ADICCIONES DE LA CIUDAD DE MÉXICO,0,0,"11,124,897","15,812,289","20,351,080","26,592,182","32,244,848","32,244,848",0,0,0,0
SALUD,SECTOR PARAESTATAL (ENTIDADES / ORGANISMOS),RÉGIMEN DE PROTECCIÓN SOCIAL EN SALUD DEL DISTRITO FEDERAL,0,0,0,0,0,0,0,0,0,0,0,0
SALUD,SECTOR PARAESTATAL (ENTIDADES / ORGANISMOS),SERVICIOS DE SALUD PÚBLICA DEL DISTRITO FEDERAL,"306,547,517","565,812,090","818,851,417","1,123,668,300","1,475,352,503","1,783,550,471","2,171,933,128","2,171,933,128",0,0,0,0
SALUD,SECTOR PARAESTATAL (ENTIDADES / ORGANISMOS),SISTEMA PARA EL DESARROLLO INTEGRAL DE LA FAMILIA DEL DISTRITO FEDERAL,0,0,"6,302","6,302","6,302","15,880","185,339","185,339",0,0,0,0
TRANSACCIONES DE LA DEUDA PUBLICA / COSTO FINANCIERO DE LA DEUDA,OTRAS,DEUDA PÚBLICA DEL DISTRITO FEDERAL,"588,327,587","1,431,817,450","2,148,661,865","2,776,212,559","3,655,260,307","4,484,878,035","5,359,986,494","5,813,405,841",0,0,0,0
TRANSACCIONES DE LA DEUDA PUBLICA / COSTO FINANCIERO DE LA DEUDA,SECTOR PARAESTATAL (ENTIDADES / ORGANISMOS),SISTEMA DE TRANSPORTE COLECTIVO METRO,"198,311,884","199,285,164","200,325,567","201,332,409","202,372,811","203,379,653","313,735,278","313,735,278",0,0,0,0
TRANSPORTE,DELEGACIONES,DELEGACIÓN CUAUHTÉMOC,"4,824","12,221","4,153,585","5,777,150","6,593,299","8,162,778","9,683,016","11,281,339",0,0,0,0
TRANSPORTE,DELEGACIONES,DELEGACIÓN GUSTAVO A. MADERO,0,0,0,0,0,0,55,55,0,0,0,0
TRANSPORTE,DEPENDENCIAS,SECRETARÍA DE MOVILIDAD DEL DISTRITO FEDERAL,"19,683,980","47,399,960","75,895,792","147,794,592","218,930,683","258,174,613","294,385,723","373,598,501",0,0,0,0
TRANSPORTE,DEPENDENCIAS,SECRETARÍA DE OBRAS Y SERVICIOS DEL DISTRITO FEDERAL,"642,789","2,459,569","3,691,458","5,108,102","6,653,764","7,932,903","2,096,176,179","2,120,125,750",0,0,0,0
TRANSPORTE,ÓRGANOS DESCONCENTRADOS,COORDINACIÓN DE LOS CENTROS DE TRANSFERENCIA MODAL DEL DISTRITO FEDERAL,"1,291,636","2,686,607","4,312,501","5,801,741","7,640,176","9,624,796","11,191,647","24,392,696",0,0,0,0
TRANSPORTE,ÓRGANOS DESCONCENTRADOS,ÓRGANO REGULADOR DE TRANSPORTE,0,0,0,0,0,0,0,0,0,0,0,0
TRANSPORTE,ÓRGANOS DESCONCENTRADOS,PROYECTO METRO DEL DISTRITO FEDERAL,"1,908,551","8,505,244","13,027,101","18,347,610","23,740,077","28,969,427","34,230,670","39,734,272",0,0,0,0
TRANSPORTE,SECTOR PARAESTATAL (ENTIDADES / ORGANISMOS),FIDEICOMISO PARA EL FONDO DE PROMOCIÓN PARA EL FINANCIAMIENTO DEL TRANSPORTE PÚBLICO,0,0,0,0,0,0,0,0,0,0,0,0
TRANSPORTE,SECTOR PARAESTATAL (ENTIDADES / ORGANISMOS),METROBÚS,"2,444,467","17,435,701","28,822,273","39,470,945","54,134,356","112,201,381","148,659,769","148,659,769",0,0,0,0
TRANSPORTE,SECTOR PARAESTATAL (ENTIDADES / ORGANISMOS),RED DE TRANSPORTE DE PASAJEROS DEL DISTRITO FEDERAL,"39,239,309","126,482,022","187,821,877","266,872,299","357,146,723","631,762,067","738,346,172","738,346,172",0,0,0,0
TRANSPORTE,SECTOR PARAESTATAL (ENTIDADES / ORGANISMOS),SERVICIO DE TRANSPORTES ELÉCTRICOS DEL DISTRITO FEDERAL,"17,805,654","65,321,078","115,120,211","160,537,549","215,814,802","255,994,686","316,117,756","316,117,756",0,0,0,0
TRANSPORTE,SECTOR PARAESTATAL (ENTIDADES / ORGANISMOS),"SERVICIOS METROPOLITANOS, S.A. DE C.V.",0,"9,421,494","14,575,707","20,343,918","25,502,313","30,752,704","30,752,867","30,752,867",0,0,0,0
TRANSPORTE,SECTOR PARAESTATAL (ENTIDADES / ORGANISMOS),SISTEMA DE TRANSPORTE COLECTIVO METRO,"487,951,404","941,763,465","1,499,849,609","2,068,186,643","2,871,133,151","3,864,244,296","4,618,182,588","4,618,182,588",0,0,0,0
TURISMO,DELEGACIONES,DELEGACIÓN CUAJIMALPA DE MORELOS,"56,529","93,147","161,262","197,753","352,095","391,557","989,030","1,026,398",0,0,0,0
TURISMO,DELEGACIONES,DELEGACIÓN CUAUHTÉMOC,"94,588","222,266","1,764,129","2,393,212","3,279,051","3,893,029","4,487,935","5,259,546",0,0,0,0
TURISMO,DELEGACIONES,DELEGACIÓN MIGUEL HIDALGO,0,0,0,0,0,0,0,0,0,0,0,0
TURISMO,DELEGACIONES,DELEGACIÓN MILPA ALTA,0,0,0,0,0,"19,488","19,488","19,488",0,0,0,0
TURISMO,DELEGACIONES,DELEGACIÓN TLÁHUAC,0,"97,664","185,418","359,177","403,722","536,247","610,965","699,488",0,0,0,0
TURISMO,DELEGACIONES,DELEGACIÓN TLALPAN,0,0,0,0,0,0,0,0,0,0,0,0
TURISMO,DELEGACIONES,DELEGACIÓN XOCHIMILCO,"1,278,360","2,530,533","3,807,048","5,267,852","7,143,342","9,156,923","10,433,587","11,695,485",0,0,0,0
TURISMO,DEPENDENCIAS,SECRETARÍA DE DESARROLLO RURAL Y EQUIDAD PARA LAS COMUNIDADES DEL DISTRITO FEDERAL,0,"338,500","338,500","507,750","677,000","846,250","1,015,500","1,274,750",0,0,0,0
TURISMO,DEPENDENCIAS,SECRETARÍA DE TURISMO DEL DISTRITO FEDERAL,"5,615,430","10,766,855","17,945,111","22,368,044","30,977,876","36,203,767","42,591,801","49,065,888",0,0,0,0
TURISMO,SECTOR PARAESTATAL (ENTIDADES / ORGANISMOS),FONDO MIXTO DE PROMOCIÓN TURÍSTICA DEL DISTRITO FEDERAL,"132,311","5,148,909","12,335,908","20,447,204","33,038,899","47,760,440","70,491,055","70,491,055",0,0,0,0
VIVIENDA Y SERVICIOS A LA COMUNIDAD,DELEGACIONES,DELEGACIÓN ÁLVARO OBREGÓN,"18,953,527","52,765,414","88,276,635","124,269,190","161,134,395","223,385,003","261,949,057","297,855,063",0,0,0,0
VIVIENDA Y SERVICIOS A LA COMUNIDAD,DELEGACIONES,DELEGACIÓN AZCAPOTZALCO,"15,758,018","36,857,650","56,803,135","77,273,900","101,282,506","122,127,660","142,395,907","165,799,217",0,0,0,0
VIVIENDA Y SERVICIOS A LA COMUNIDAD,DELEGACIONES,DELEGACIÓN BENITO JUÁREZ,"13,750,306","26,948,266","44,469,675","58,824,418","75,813,495","88,183,469","125,734,092","150,267,685",0,0,0,0
VIVIENDA Y SERVICIOS A LA COMUNIDAD,DELEGACIONES,DELEGACIÓN COYOACÁN,"20,117,029","68,782,451","115,718,761","159,384,322","206,974,127","334,788,397","407,921,835","497,671,192",0,0,0,0
VIVIENDA Y SERVICIOS A LA COMUNIDAD,DELEGACIONES,DELEGACIÓN CUAJIMALPA DE MORELOS,"18,427,357","43,814,674","66,429,582","91,166,782","118,063,955","152,611,165","174,763,565","202,949,866",0,0,0,0
VIVIENDA Y SERVICIOS A LA COMUNIDAD,DELEGACIONES,DELEGACIÓN CUAUHTÉMOC,"18,264,663","57,188,147","107,209,856","159,720,116","195,753,727","281,494,388","328,215,901","374,735,863",0,0,0,0
VIVIENDA Y SERVICIOS A LA COMUNIDAD,DELEGACIONES,DELEGACIÓN GUSTAVO A. MADERO,"61,276,460","150,060,160","250,232,753","354,184,868","444,688,048","585,063,316","697,386,532","806,153,718",0,0,0,0
VIVIENDA Y SERVICIOS A LA COMUNIDAD,DELEGACIONES,DELEGACIÓN IZTACALCO,"15,709,239","43,563,642","71,195,716","97,678,357","116,905,227","166,491,730","200,558,701","231,433,026",0,0,0,0
VIVIENDA Y SERVICIOS A LA COMUNIDAD,DELEGACIONES,DELEGACIÓN IZTAPALAPA,"52,254,912","153,429,413","254,854,372","374,462,589","509,684,456","725,175,152","912,285,552","1,085,529,057",0,0,0,0
VIVIENDA Y SERVICIOS A LA COMUNIDAD,DELEGACIONES,DELEGACIÓN LA MAGDALENA CONTRERAS,"11,429,318","33,147,475","49,594,715","64,137,705","81,892,932","108,105,335","127,868,566","156,828,188",0,0,0,0
VIVIENDA Y SERVICIOS A LA COMUNIDAD,DELEGACIONES,DELEGACIÓN MIGUEL HIDALGO,"9,043,783","25,551,642","46,200,189","60,592,184","85,902,125","104,672,052","118,899,556","149,932,951",0,0,0,0
VIVIENDA Y SERVICIOS A LA COMUNIDAD,DELEGACIONES,DELEGACIÓN MILPA ALTA,0,0,0,0,"1,207,426","1,712,431","4,928,270","5,582,232",0,0,0,0
VIVIENDA Y SERVICIOS A LA COMUNIDAD,DELEGACIONES,DELEGACIÓN TLÁHUAC,"5,492,997","12,720,426","29,902,899","47,409,273","70,283,578","86,560,181","107,845,568","124,822,066",0,0,0,0
VIVIENDA Y SERVICIOS A LA COMUNIDAD,DELEGACIONES,DELEGACIÓN TLALPAN,"444,080","917,045","10,342,133","22,526,428","37,294,768","51,364,747","67,323,298","79,974,350",0,0,0,0
VIVIENDA Y SERVICIOS A LA COMUNIDAD,DELEGACIONES,DELEGACIÓN VENUSTIANO CARRANZA,"16,544,081","54,479,819","89,208,596","125,482,677","146,927,804","221,616,143","264,732,347","321,388,753",0,0,0,0
VIVIENDA Y SERVICIOS A LA COMUNIDAD,DELEGACIONES,DELEGACIÓN XOCHIMILCO,"9,712,666","19,086,391","29,441,777","42,716,045","56,365,059","69,622,609","81,395,347","92,035,074",0,0,0,0
VIVIENDA Y SERVICIOS A LA COMUNIDAD,DEPENDENCIAS,SECRETARÍA DE DESARROLLO SOCIAL DEL DISTRITO FEDERAL,0,0,0,0,0,0,0,0,0,0,0,0
VIVIENDA Y SERVICIOS A LA COMUNIDAD,DEPENDENCIAS,SECRETARÍA DE DESARROLLO URBANO Y VIVIENDA DEL DISTRITO FEDERAL,"8,122,515","16,842,962","28,101,941","46,557,493","58,765,896","69,265,985","78,876,657","91,883,563",0,0,0,0
VIVIENDA Y SERVICIOS A LA COMUNIDAD,DEPENDENCIAS,SECRETARÍA DE FINANZAS DEL DISTRITO FEDERAL,0,0,0,0,0,0,0,0,0,0,0,0
VIVIENDA Y SERVICIOS A LA COMUNIDAD,DEPENDENCIAS,SECRETARÍA DE OBRAS Y SERVICIOS DEL DISTRITO FEDERAL,"30,025,589","60,948,355","207,767,779","325,619,749","556,743,748","841,980,611","1,017,598,397","1,212,183,517",0,0,0,0
VIVIENDA Y SERVICIOS A LA COMUNIDAD,DEPENDENCIAS,SECRETARÍA DE SALUD DEL DISTRITO FEDERAL,0,"140,658","172,052","197,977","197,977","197,977","6,744,096","8,330,913",0,0,0,0
VIVIENDA Y SERVICIOS A LA COMUNIDAD,DEPENDENCIAS,SECRETARÍA DE SEGURIDAD PÚBLICA DEL DISTRITO FEDERAL,0,0,0,0,0,0,0,0,0,0,0,0
VIVIENDA Y SERVICIOS A LA COMUNIDAD,ÓRGANOS DESCONCENTRADOS,AUTORIDAD DEL CENTRO HISTÓRICO,"2,288,662","4,795,084","15,131,766","33,017,636","46,725,776","55,458,873","57,477,615","59,678,882",0,0,0,0
VIVIENDA Y SERVICIOS A LA COMUNIDAD,ÓRGANOS DESCONCENTRADOS,AUTORIDAD DEL ESPACIO PÚBLICO DEL DISTRITO FEDERAL,0,"191,994","378,216","571,065","22,578,319","28,578,308","31,116,405","32,586,118",0,0,0,0
VIVIENDA Y SERVICIOS A LA COMUNIDAD,ÓRGANOS DESCONCENTRADOS,SISTEMA DE AGUAS DE LA CIUDAD DE MÉXICO,"194,117,523","535,252,610","904,348,254","1,406,244,431","1,827,882,291","2,202,511,705","2,737,443,842","3,137,862,340",0,0,0,0
VIVIENDA Y SERVICIOS A LA COMUNIDAD,SECTOR PARAESTATAL (ENTIDADES / ORGANISMOS),CAJA DE PREVISIÓN DE LA POLICÍA PREVENTIVA DEL DISTRITO FEDERAL,0,0,0,0,0,0,0,0,0,0,0,0
VIVIENDA Y SERVICIOS A LA COMUNIDAD,SECTOR PARAESTATAL (ENTIDADES / ORGANISMOS),CAJA DE PREVISIÓN PARA TRABAJADORES A LISTA DE RAYA DEL GOBIERNO DEL DISTRITO FEDERAL,0,0,0,0,0,"29,870,744","29,870,744","29,870,744",0,0,0,0
VIVIENDA Y SERVICIOS A LA COMUNIDAD,SECTOR PARAESTATAL (ENTIDADES / ORGANISMOS),FIDEICOMISO CENTRO HISTÓRICO DE LA CIUDAD DE MÉXICO,"801,000","2,760,617","6,539,711","8,814,781","22,047,906","41,078,327","45,463,765","45,463,765",0,0,0,0
VIVIENDA Y SERVICIOS A LA COMUNIDAD,SECTOR PARAESTATAL (ENTIDADES / ORGANISMOS),FIDEICOMISO DE RECUPERACIÓN CREDITICIA DEL DISTRITO FEDERAL,"2,532,271","6,161,443","10,176,103","13,917,116","17,835,188","22,328,203","25,863,339","25,863,339",0,0,0,0
VIVIENDA Y SERVICIOS A LA COMUNIDAD,SECTOR PARAESTATAL (ENTIDADES / ORGANISMOS),INSTITUTO DE VIVIENDA DEL DISTRITO FEDERAL,"12,037,638","169,077,438","311,948,996","565,856,091","858,760,941","1,107,518,212","1,428,225,102","1,428,225,102",0,0,0,0
VIVIENDA Y SERVICIOS A LA COMUNIDAD,SECTOR PARAESTATAL (ENTIDADES / ORGANISMOS),"PROCDMX, S.A. DE C.V.","766,912","1,959,105","3,365,790","4,678,411","5,870,483","6,986,712","7,910,702","7,910,702",0,0,0,0
VIVIENDA Y SERVICIOS A LA COMUNIDAD,SECTOR PARAESTATAL (ENTIDADES / ORGANISMOS),PROCURADURÍA SOCIAL DEL DISTRITO FEDERAL,0,"2,074,396","4,092,355","5,182,035","5,182,035","11,259,732","14,095,644","14,095,644",0,0,0,0
VIVIENDA Y SERVICIOS A LA COMUNIDAD,SECTOR PARAESTATAL (ENTIDADES / ORGANISMOS),SERVICIOS DE SALUD PÚBLICA DEL DISTRITO FEDERAL,0,0,0,"13,526,000","14,547,896","14,547,896","14,922,834","14,922,834",0,0,0,0
VIVIENDA Y SERVICIOS A LA COMUNIDAD,SECTOR PARAESTATAL (ENTIDADES / ORGANISMOS),"SERVICIOS METROPOLITANOS, S.A. DE C.V.",0,"928,638","1,744,500","1,745,500","1,746,500","1,747,500","1,769,500","1,769,500",0,0,0,0
VIVIENDA Y SERVICIOS A LA COMUNIDAD,SECTOR PARAESTATAL (ENTIDADES / ORGANISMOS),SISTEMA PARA EL DESARROLLO INTEGRAL DE LA FAMILIA DEL DISTRITO FEDERAL,0,0,0,0,0,0,"515,809","515,809",0,0,0,0
